metric_group,split,source_split,model_slug,dataset,stage,num_filtered_samples,num_metric_rows,num_missing_rows,num_rated_final,num_missing_rating,benchmark_score_0_to_5,mean_final_rating_0_to_5,mean_raw_score_0_to_5,macro_mean_final_rating_0_to_5,macro_mean_raw_score_0_to_5,num_rated_raw,num_render_success
main_benchmark,filtered_test,test,qwen35_9b,ChartQA,,195,195,0,195,0,3.2348717949,3.2348717949,3.2962564103,3.2348717949,3.2962564103,195,175
main_benchmark,filtered_test,test,qwen35_9b,ChemVQA-2K,,288,288,0,288,0,0.1031250000,0.1031250000,0.2065972222,0.1031250000,0.2065972222,288,99
main_benchmark,filtered_test,test,qwen35_9b,DocVQA,,292,292,0,292,0,1.2472602740,1.2472602740,1.6973116438,1.2472602740,1.6973116438,292,180
main_benchmark,filtered_test,test,qwen35_9b,EEE-Bench,,67,67,0,67,0,0.4805970149,0.4805970149,0.5052238806,0.4805970149,0.5052238806,67,42
main_benchmark,filtered_test,test,qwen35_9b,GEOQA_8K_R1V,,73,73,0,73,0,1.6424657534,1.6424657534,1.6886986301,1.6424657534,1.6886986301,73,71
main_benchmark,filtered_test,test,qwen35_9b,Geoperception,,137,137,0,137,0,1.9364963504,1.9364963504,1.9790145985,1.9364963504,1.9790145985,137,126
main_benchmark,filtered_test,test,qwen35_9b,Graph-Algorithms,,161,161,0,161,0,0.9509316770,0.9509316770,1.9847826087,0.9509316770,1.9847826087,161,153
main_benchmark,filtered_test,test,qwen35_9b,GraphVQA-Swift,,175,175,0,175,0,2.0348571429,2.0348571429,2.9551428571,2.0348571429,2.9551428571,175,169
main_benchmark,filtered_test,test,qwen35_9b,OlympiadBench,,81,81,0,81,0,1.3604938272,1.3604938272,1.6009259259,1.3604938272,1.6009259259,81,66
main_benchmark,filtered_test,test,qwen35_9b,Physics,,121,121,0,121,0,1.7190082645,1.7190082645,2.0506198347,1.7190082645,2.0506198347,121,104
main_benchmark,filtered_test,test,qwen35_9b,dvqa,,161,161,0,161,0,3.2062111801,3.2062111801,3.3037888199,3.2062111801,3.3037888199,161,155
main_benchmark,filtered_test,test,qwen35_9b,figureqa,,161,161,0,161,0,2.9546583851,2.9546583851,3.1020186335,2.9546583851,3.1020186335,161,134
main_benchmark,filtered_test,test,qwen35_9b,geometry3k,,65,65,0,65,0,1.4000000000,1.4000000000,1.5153846154,1.4000000000,1.5153846154,65,59
main_benchmark,filtered_test,test,qwen35_9b,matplotlib,,31,31,0,31,0,1.5483870968,1.5483870968,1.5403225806,1.5483870968,1.5403225806,31,24
main_benchmark,filtered_test,test,qwen35_9b,spatialvlm_qa,,161,161,0,161,0,0.1248447205,0.1248447205,0.1302795031,0.1248447205,0.1302795031,161,28
main_benchmark,filtered_test_mini,test,qwen35_9b,ChartQA,,45,45,0,45,0,3.0977777778,3.0977777778,3.1642222222,3.0977777778,3.1642222222,45,39
main_benchmark,filtered_test_mini,test,qwen35_9b,ChemVQA-2K,,63,63,0,63,0,0.0682539683,0.0682539683,0.1412698413,0.0682539683,0.1412698413,63,23
main_benchmark,filtered_test_mini,test,qwen35_9b,DocVQA,,68,68,0,68,0,1.2294117647,1.2294117647,1.6765441176,1.2294117647,1.6765441176,68,43
main_benchmark,filtered_test_mini,test,qwen35_9b,EEE-Bench,,22,22,0,22,0,0.5045454545,0.5045454545,0.5022727273,0.5045454545,0.5022727273,22,19
main_benchmark,filtered_test_mini,test,qwen35_9b,GEOQA_8K_R1V,,21,21,0,21,0,1.9952380952,1.9952380952,2.0357142857,1.9952380952,2.0357142857,21,21
main_benchmark,filtered_test_mini,test,qwen35_9b,Geoperception,,34,34,0,34,0,2.0000000000,2.0000000000,2.0294117647,2.0000000000,2.0294117647,34,31
main_benchmark,filtered_test_mini,test,qwen35_9b,Graph-Algorithms,,39,39,0,39,0,0.6948717949,0.6948717949,1.5858974359,0.6948717949,1.5858974359,39,38
main_benchmark,filtered_test_mini,test,qwen35_9b,GraphVQA-Swift,,42,42,0,42,0,1.7904761905,1.7904761905,2.8976190476,1.7904761905,2.8976190476,42,41
main_benchmark,filtered_test_mini,test,qwen35_9b,OlympiadBench,,23,23,0,23,0,1.2782608696,1.2782608696,1.5413043478,1.2782608696,1.5413043478,23,19
main_benchmark,filtered_test_mini,test,qwen35_9b,Physics,,31,31,0,31,0,2.0838709677,2.0838709677,2.3435483871,2.0838709677,2.3435483871,31,28
main_benchmark,filtered_test_mini,test,qwen35_9b,dvqa,,39,39,0,39,0,3.3923076923,3.3923076923,3.4832051282,3.3923076923,3.4832051282,39,38
main_benchmark,filtered_test_mini,test,qwen35_9b,figureqa,,39,39,0,39,0,2.8282051282,2.8282051282,2.9357692308,2.8282051282,2.9357692308,39,32
main_benchmark,filtered_test_mini,test,qwen35_9b,geometry3k,,21,21,0,21,0,0.9809523810,0.9809523810,1.1976190476,0.9809523810,1.1976190476,21,19
main_benchmark,filtered_test_mini,test,qwen35_9b,matplotlib,,13,13,0,13,0,1.9076923077,1.9076923077,1.8961538462,1.9076923077,1.8961538462,13,10
main_benchmark,filtered_test_mini,test,qwen35_9b,spatialvlm_qa,,39,39,0,39,0,0.1025641026,0.1025641026,0.1102564103,0.1025641026,0.1102564103,39,4
main_benchmark,filtered_test,test,kimi_k2_5,ChartQA,,195,195,0,195,0,2.8564102564,2.8564102564,2.8826923077,2.8564102564,2.8826923077,195,132
main_benchmark,filtered_test,test,kimi_k2_5,ChemVQA-2K,,288,288,0,288,0,1.8114583333,1.8114583333,2.7894097222,1.8114583333,2.7894097222,288,223
main_benchmark,filtered_test,test,kimi_k2_5,DocVQA,,292,292,0,292,0,2.5893835616,2.5893835616,3.4866780822,2.5893835616,3.4866780822,292,231
main_benchmark,filtered_test,test,kimi_k2_5,EEE-Bench,,67,67,0,67,0,2.8014925373,2.8014925373,2.8429104478,2.8014925373,2.8429104478,67,63
main_benchmark,filtered_test,test,kimi_k2_5,GEOQA_8K_R1V,,73,73,0,73,0,2.7726027397,2.7726027397,2.8941780822,2.7726027397,2.8941780822,73,69
main_benchmark,filtered_test,test,kimi_k2_5,Geoperception,,137,137,0,137,0,3.2321167883,3.2321167883,3.2789416058,3.2321167883,3.2789416058,137,132
main_benchmark,filtered_test,test,kimi_k2_5,Graph-Algorithms,,161,161,0,161,0,2.8714285714,2.8714285714,3.5708074534,2.8714285714,3.5708074534,161,151
main_benchmark,filtered_test,test,kimi_k2_5,GraphVQA-Swift,,175,175,0,175,0,3.7794285714,3.7794285714,3.9468571429,3.7794285714,3.9468571429,175,173
main_benchmark,filtered_test,test,kimi_k2_5,OlympiadBench,,81,81,0,81,0,2.1740740741,2.1740740741,2.8929012346,2.1740740741,2.8929012346,81,77
main_benchmark,filtered_test,test,kimi_k2_5,Physics,,121,121,0,121,0,3.7157024793,3.7157024793,3.8845041322,3.7157024793,3.8845041322,121,115
main_benchmark,filtered_test,test,kimi_k2_5,dvqa,,161,161,0,161,0,4.4378881988,4.4378881988,4.4442857143,4.4378881988,4.4442857143,161,161
main_benchmark,filtered_test,test,kimi_k2_5,figureqa,,161,161,0,161,0,3.6863354037,3.6863354037,3.7700931677,3.6863354037,3.7700931677,161,156
main_benchmark,filtered_test,test,kimi_k2_5,geometry3k,,65,65,0,65,0,3.6015384615,3.6015384615,3.6417692308,3.6015384615,3.6417692308,65,64
main_benchmark,filtered_test,test,kimi_k2_5,matplotlib,,31,31,0,31,0,3.0419354839,3.0419354839,3.1712903226,3.0419354839,3.1712903226,31,31
main_benchmark,filtered_test,test,kimi_k2_5,spatialvlm_qa,,161,161,0,160,1,0.9925000000,0.9925000000,1.1604687500,0.9925000000,1.1604687500,160,102
main_benchmark,filtered_test_mini,test,kimi_k2_5,ChartQA,,45,45,0,45,0,3.0733333333,3.0733333333,3.0666666667,3.0733333333,3.0666666667,45,32
main_benchmark,filtered_test_mini,test,kimi_k2_5,ChemVQA-2K,,63,63,0,63,0,1.7333333333,1.7333333333,2.6412698413,1.7333333333,2.6412698413,63,48
main_benchmark,filtered_test_mini,test,kimi_k2_5,DocVQA,,68,68,0,68,0,2.4382352941,2.4382352941,3.4750000000,2.4382352941,3.4750000000,68,53
main_benchmark,filtered_test_mini,test,kimi_k2_5,EEE-Bench,,22,22,0,22,0,2.7227272727,2.7227272727,2.7477272727,2.7227272727,2.7477272727,22,21
main_benchmark,filtered_test_mini,test,kimi_k2_5,GEOQA_8K_R1V,,21,21,0,21,0,3.1761904762,3.1761904762,3.1928571429,3.1761904762,3.1928571429,21,20
main_benchmark,filtered_test_mini,test,kimi_k2_5,Geoperception,,34,34,0,34,0,3.3176470588,3.3176470588,3.3973529412,3.3176470588,3.3973529412,34,32
main_benchmark,filtered_test_mini,test,kimi_k2_5,Graph-Algorithms,,39,39,0,39,0,2.8564102564,2.8564102564,4.0038461538,2.8564102564,4.0038461538,39,39
main_benchmark,filtered_test_mini,test,kimi_k2_5,GraphVQA-Swift,,42,42,0,42,0,3.7309523810,3.7309523810,3.8886904762,3.7309523810,3.8886904762,42,41
main_benchmark,filtered_test_mini,test,kimi_k2_5,OlympiadBench,,23,23,0,23,0,2.3434782609,2.3434782609,2.9521739130,2.3434782609,2.9521739130,23,22
main_benchmark,filtered_test_mini,test,kimi_k2_5,Physics,,31,31,0,31,0,4.1774193548,4.1774193548,4.2467741935,4.1774193548,4.2467741935,31,30
main_benchmark,filtered_test_mini,test,kimi_k2_5,dvqa,,39,39,0,39,0,4.4230769231,4.4230769231,4.4525641026,4.4230769231,4.4525641026,39,39
main_benchmark,filtered_test_mini,test,kimi_k2_5,figureqa,,39,39,0,39,0,3.7666666667,3.7666666667,3.8742307692,3.7666666667,3.8742307692,39,39
main_benchmark,filtered_test_mini,test,kimi_k2_5,geometry3k,,21,21,0,21,0,3.4761904762,3.4761904762,3.4854761905,3.4761904762,3.4854761905,21,21
main_benchmark,filtered_test_mini,test,kimi_k2_5,matplotlib,,13,13,0,13,0,3.6307692308,3.6307692308,3.8661538462,3.6307692308,3.8661538462,13,13
main_benchmark,filtered_test_mini,test,kimi_k2_5,spatialvlm_qa,,39,39,0,39,0,1.1051282051,1.1051282051,1.2807692308,1.1051282051,1.2807692308,39,27
main_benchmark,filtered_test,test,kimi_k2_5_reasoning,ChartQA,,195,195,0,195,0,3.5543589744,3.5543589744,3.5844615385,3.5543589744,3.5844615385,195,163
main_benchmark,filtered_test,test,kimi_k2_5_reasoning,ChemVQA-2K,,288,288,0,288,0,2.6399305556,2.6399305556,3.5447916667,2.6399305556,3.5447916667,288,267
main_benchmark,filtered_test,test,kimi_k2_5_reasoning,DocVQA,,292,292,0,292,0,2.6263698630,2.6263698630,3.8032020548,2.6263698630,3.8032020548,292,249
main_benchmark,filtered_test,test,kimi_k2_5_reasoning,EEE-Bench,,67,67,0,67,0,3.1253731343,3.1253731343,3.2007462687,3.1253731343,3.2007462687,67,59
main_benchmark,filtered_test,test,kimi_k2_5_reasoning,GEOQA_8K_R1V,,73,73,0,73,0,2.9890410959,2.9890410959,3.1137671233,2.9890410959,3.1137671233,73,66
main_benchmark,filtered_test,test,kimi_k2_5_reasoning,Geoperception,,137,137,0,137,0,3.4532846715,3.4532846715,3.5723722628,3.4532846715,3.5723722628,137,118
main_benchmark,filtered_test,test,kimi_k2_5_reasoning,Graph-Algorithms,,161,161,0,161,0,2.8732919255,2.8732919255,4.0155279503,2.8732919255,4.0155279503,161,153
main_benchmark,filtered_test,test,kimi_k2_5_reasoning,GraphVQA-Swift,,175,175,0,175,0,4.3188571429,4.3188571429,4.3845428571,4.3188571429,4.3845428571,175,172
main_benchmark,filtered_test,test,kimi_k2_5_reasoning,OlympiadBench,,81,81,0,81,0,2.7691358025,2.7691358025,3.3728395062,2.7691358025,3.3728395062,81,74
main_benchmark,filtered_test,test,kimi_k2_5_reasoning,Physics,,121,121,0,121,0,4.0504132231,4.0504132231,4.1530991736,4.0504132231,4.1530991736,121,116
main_benchmark,filtered_test,test,kimi_k2_5_reasoning,dvqa,,161,161,0,161,0,4.3795031056,4.3795031056,4.4164285714,4.3795031056,4.4164285714,161,156
main_benchmark,filtered_test,test,kimi_k2_5_reasoning,figureqa,,161,161,0,161,0,4.0534161491,4.0534161491,4.0935403727,4.0534161491,4.0935403727,161,152
main_benchmark,filtered_test,test,kimi_k2_5_reasoning,geometry3k,,65,65,0,65,0,3.8369230769,3.8369230769,3.8852307692,3.8369230769,3.8852307692,65,61
main_benchmark,filtered_test,test,kimi_k2_5_reasoning,matplotlib,,31,31,0,31,0,3.0193548387,3.0193548387,3.2717741935,3.0193548387,3.2717741935,31,28
main_benchmark,filtered_test,test,kimi_k2_5_reasoning,spatialvlm_qa,,161,161,0,161,0,0.7559006211,0.7559006211,0.8296583851,0.7559006211,0.8296583851,161,118
main_benchmark,filtered_test_mini,test,kimi_k2_5_reasoning,ChartQA,,45,45,0,45,0,3.3888888889,3.3888888889,3.3936666667,3.3888888889,3.3936666667,45,35
main_benchmark,filtered_test_mini,test,kimi_k2_5_reasoning,ChemVQA-2K,,63,63,0,63,0,3.0238095238,3.0238095238,3.7761904762,3.0238095238,3.7761904762,63,61
main_benchmark,filtered_test_mini,test,kimi_k2_5_reasoning,DocVQA,,68,68,0,68,0,2.9161764706,2.9161764706,4.1082352941,2.9161764706,4.1082352941,68,62
main_benchmark,filtered_test_mini,test,kimi_k2_5_reasoning,EEE-Bench,,22,22,0,22,0,2.8727272727,2.8727272727,2.9590909091,2.8727272727,2.9590909091,22,19
main_benchmark,filtered_test_mini,test,kimi_k2_5_reasoning,GEOQA_8K_R1V,,21,21,0,21,0,3.5523809524,3.5523809524,3.5714285714,3.5523809524,3.5714285714,21,20
main_benchmark,filtered_test_mini,test,kimi_k2_5_reasoning,Geoperception,,34,34,0,34,0,3.6058823529,3.6058823529,3.9022058824,3.6058823529,3.9022058824,34,31
main_benchmark,filtered_test_mini,test,kimi_k2_5_reasoning,Graph-Algorithms,,39,39,0,39,0,2.5923076923,2.5923076923,3.6910256410,2.5923076923,3.6910256410,39,35
main_benchmark,filtered_test_mini,test,kimi_k2_5_reasoning,GraphVQA-Swift,,42,42,0,42,0,4.0833333333,4.0833333333,4.1329761905,4.0833333333,4.1329761905,42,40
main_benchmark,filtered_test_mini,test,kimi_k2_5_reasoning,OlympiadBench,,23,23,0,23,0,2.7130434783,2.7130434783,3.5043478261,2.7130434783,3.5043478261,23,21
main_benchmark,filtered_test_mini,test,kimi_k2_5_reasoning,Physics,,31,31,0,31,0,4.3774193548,4.3774193548,4.4096774194,4.3774193548,4.4096774194,31,30
main_benchmark,filtered_test_mini,test,kimi_k2_5_reasoning,dvqa,,39,39,0,39,0,4.5666666667,4.5666666667,4.6025641026,4.5666666667,4.6025641026,39,39
main_benchmark,filtered_test_mini,test,kimi_k2_5_reasoning,figureqa,,39,39,0,39,0,4.1487179487,4.1487179487,4.1807692308,4.1487179487,4.1807692308,39,37
main_benchmark,filtered_test_mini,test,kimi_k2_5_reasoning,geometry3k,,21,21,0,21,0,3.3095238095,3.3095238095,3.3583333333,3.3095238095,3.3583333333,21,18
main_benchmark,filtered_test_mini,test,kimi_k2_5_reasoning,matplotlib,,13,13,0,13,0,3.5461538462,3.5461538462,3.7846153846,3.5461538462,3.7846153846,13,13
main_benchmark,filtered_test_mini,test,kimi_k2_5_reasoning,spatialvlm_qa,,39,39,0,39,0,0.6974358974,0.6974358974,0.7532051282,0.6974358974,0.7532051282,39,29
main_benchmark,filtered_test,test,qwen35_397b_a17b,ChartQA,,195,195,0,195,0,3.1041025641,3.1041025641,3.1456153846,3.1041025641,3.1456153846,195,182
main_benchmark,filtered_test,test,qwen35_397b_a17b,ChemVQA-2K,,288,288,0,288,0,0.9583333333,0.9583333333,2.4152777778,0.9583333333,2.4152777778,288,276
main_benchmark,filtered_test,test,qwen35_397b_a17b,DocVQA,,292,292,0,292,0,1.3109589041,1.3109589041,2.9797602740,1.3109589041,2.9797602740,292,241
main_benchmark,filtered_test,test,qwen35_397b_a17b,EEE-Bench,,67,67,0,66,1,1.5560606061,1.5560606061,1.5943181818,1.5560606061,1.5943181818,66,61
main_benchmark,filtered_test,test,qwen35_397b_a17b,GEOQA_8K_R1V,,73,73,0,73,0,2.4479452055,2.4479452055,2.5780821918,2.4479452055,2.5780821918,73,69
main_benchmark,filtered_test,test,qwen35_397b_a17b,Geoperception,,137,137,0,137,0,2.8540145985,2.8540145985,2.9452554745,2.8540145985,2.9452554745,137,126
main_benchmark,filtered_test,test,qwen35_397b_a17b,Graph-Algorithms,,161,161,0,161,0,2.6031055901,2.6031055901,3.4706521739,2.6031055901,3.4706521739,161,146
main_benchmark,filtered_test,test,qwen35_397b_a17b,GraphVQA-Swift,,175,175,0,175,0,3.6531428571,3.6531428571,3.9560000000,3.6531428571,3.9560000000,175,158
main_benchmark,filtered_test,test,qwen35_397b_a17b,OlympiadBench,,81,81,0,81,0,2.1308641975,2.1308641975,2.5613580247,2.1308641975,2.5613580247,81,76
main_benchmark,filtered_test,test,qwen35_397b_a17b,Physics,,121,121,0,121,0,2.3595041322,2.3595041322,2.5154958678,2.3595041322,2.5154958678,121,98
main_benchmark,filtered_test,test,qwen35_397b_a17b,dvqa,,161,161,0,161,0,3.1186335404,3.1186335404,3.2619565217,3.1186335404,3.2619565217,161,140
main_benchmark,filtered_test,test,qwen35_397b_a17b,figureqa,,161,161,0,161,0,3.0770186335,3.0770186335,3.1803416149,3.0770186335,3.1803416149,161,130
main_benchmark,filtered_test,test,qwen35_397b_a17b,geometry3k,,65,65,0,65,0,2.6692307692,2.6692307692,2.8258461538,2.6692307692,2.8258461538,65,60
main_benchmark,filtered_test,test,qwen35_397b_a17b,matplotlib,,31,31,0,31,0,1.8032258065,1.8032258065,1.8120967742,1.8032258065,1.8120967742,31,24
main_benchmark,filtered_test,test,qwen35_397b_a17b,spatialvlm_qa,,161,161,0,160,1,0.3800000000,0.3800000000,0.3867187500,0.3800000000,0.3867187500,160,73
main_benchmark,filtered_test_mini,test,qwen35_397b_a17b,ChartQA,,45,45,0,45,0,3.2200000000,3.2200000000,3.2203333333,3.2200000000,3.2203333333,45,42
main_benchmark,filtered_test_mini,test,qwen35_397b_a17b,ChemVQA-2K,,63,63,0,63,0,0.9190476190,0.9190476190,2.2666666667,0.9190476190,2.2666666667,63,58
main_benchmark,filtered_test_mini,test,qwen35_397b_a17b,DocVQA,,68,68,0,68,0,1.5367647059,1.5367647059,3.1296323529,1.5367647059,3.1296323529,68,60
main_benchmark,filtered_test_mini,test,qwen35_397b_a17b,EEE-Bench,,22,22,0,22,0,1.4090909091,1.4090909091,1.4465909091,1.4090909091,1.4465909091,22,20
main_benchmark,filtered_test_mini,test,qwen35_397b_a17b,GEOQA_8K_R1V,,21,21,0,21,0,2.8142857143,2.8142857143,2.8214285714,2.8142857143,2.8214285714,21,21
main_benchmark,filtered_test_mini,test,qwen35_397b_a17b,Geoperception,,34,34,0,34,0,2.8058823529,2.8058823529,2.8082352941,2.8058823529,2.8082352941,34,29
main_benchmark,filtered_test_mini,test,qwen35_397b_a17b,Graph-Algorithms,,39,39,0,39,0,2.9333333333,2.9333333333,3.5160256410,2.9333333333,3.5160256410,39,34
main_benchmark,filtered_test_mini,test,qwen35_397b_a17b,GraphVQA-Swift,,42,42,0,42,0,3.6071428571,3.6071428571,4.1095238095,3.6071428571,4.1095238095,42,40
main_benchmark,filtered_test_mini,test,qwen35_397b_a17b,OlympiadBench,,23,23,0,23,0,2.4217391304,2.4217391304,2.9139130435,2.4217391304,2.9139130435,23,23
main_benchmark,filtered_test_mini,test,qwen35_397b_a17b,Physics,,31,31,0,31,0,2.6258064516,2.6258064516,2.7193548387,2.6258064516,2.7193548387,31,25
main_benchmark,filtered_test_mini,test,qwen35_397b_a17b,dvqa,,39,39,0,39,0,3.5051282051,3.5051282051,3.6703846154,3.5051282051,3.6703846154,39,37
main_benchmark,filtered_test_mini,test,qwen35_397b_a17b,figureqa,,39,39,0,39,0,2.9307692308,2.9307692308,3.0034615385,2.9307692308,3.0034615385,39,31
main_benchmark,filtered_test_mini,test,qwen35_397b_a17b,geometry3k,,21,21,0,21,0,2.4428571429,2.4428571429,2.6533333333,2.4428571429,2.6533333333,21,19
main_benchmark,filtered_test_mini,test,qwen35_397b_a17b,matplotlib,,13,13,0,13,0,2.4000000000,2.4000000000,2.3903846154,2.4000000000,2.3903846154,13,11
main_benchmark,filtered_test_mini,test,qwen35_397b_a17b,spatialvlm_qa,,39,39,0,38,1,0.5368421053,0.5368421053,0.5578947368,0.5368421053,0.5578947368,38,24
main_benchmark,filtered_test,test,qwen35_397b_a17b_reasoning,ChartQA,,195,195,0,195,0,3.6451282051,3.6451282051,3.7138717949,3.6451282051,3.7138717949,195,176
main_benchmark,filtered_test,test,qwen35_397b_a17b_reasoning,ChemVQA-2K,,288,288,0,288,0,1.8125000000,1.8125000000,3.7640625000,1.8125000000,3.7640625000,288,274
main_benchmark,filtered_test,test,qwen35_397b_a17b_reasoning,DocVQA,,292,292,0,292,0,2.0698630137,2.0698630137,3.2589897260,2.0698630137,3.2589897260,292,229
main_benchmark,filtered_test,test,qwen35_397b_a17b_reasoning,EEE-Bench,,67,67,0,67,0,2.9955223881,2.9955223881,3.0089552239,2.9955223881,3.0089552239,67,53
main_benchmark,filtered_test,test,qwen35_397b_a17b_reasoning,GEOQA_8K_R1V,,73,73,0,73,0,3.4589041096,3.4589041096,3.5726027397,3.4589041096,3.5726027397,73,68
main_benchmark,filtered_test,test,qwen35_397b_a17b_reasoning,Geoperception,,137,137,0,137,0,3.4043795620,3.4043795620,3.4363503650,3.4043795620,3.4363503650,137,106
main_benchmark,filtered_test,test,qwen35_397b_a17b_reasoning,Graph-Algorithms,,161,161,0,161,0,3.2881987578,3.2881987578,3.6444099379,3.2881987578,3.6444099379,161,138
main_benchmark,filtered_test,test,qwen35_397b_a17b_reasoning,GraphVQA-Swift,,175,175,0,175,0,4.0851428571,4.0851428571,4.2688571429,4.0851428571,4.2688571429,175,161
main_benchmark,filtered_test,test,qwen35_397b_a17b_reasoning,OlympiadBench,,81,81,0,81,0,3.0419753086,3.0419753086,3.5179629630,3.0419753086,3.5179629630,81,70
main_benchmark,filtered_test,test,qwen35_397b_a17b_reasoning,Physics,,121,121,0,121,0,3.3165289256,3.3165289256,3.3884297521,3.3165289256,3.3884297521,121,111
main_benchmark,filtered_test,test,qwen35_397b_a17b_reasoning,dvqa,,161,161,0,161,0,4.3248447205,4.3248447205,4.3544720497,4.3248447205,4.3544720497,161,154
main_benchmark,filtered_test,test,qwen35_397b_a17b_reasoning,figureqa,,161,161,0,161,0,3.4993788820,3.4993788820,3.5993478261,3.4993788820,3.5993478261,161,138
main_benchmark,filtered_test,test,qwen35_397b_a17b_reasoning,geometry3k,,65,65,0,65,0,2.7215384615,2.7215384615,2.7355384615,2.7215384615,2.7355384615,65,41
main_benchmark,filtered_test,test,qwen35_397b_a17b_reasoning,matplotlib,,31,31,0,31,0,2.3516129032,2.3516129032,2.4443548387,2.3516129032,2.4443548387,31,22
main_benchmark,filtered_test,test,qwen35_397b_a17b_reasoning,spatialvlm_qa,,161,161,0,161,0,0.2627329193,0.2627329193,0.2900621118,0.2627329193,0.2900621118,161,43
main_benchmark,filtered_test_mini,test,qwen35_397b_a17b_reasoning,ChartQA,,45,45,0,45,0,3.9133333333,3.9133333333,3.9673333333,3.9133333333,3.9673333333,45,43
main_benchmark,filtered_test_mini,test,qwen35_397b_a17b_reasoning,ChemVQA-2K,,63,63,0,63,0,1.5873015873,1.5873015873,3.6976190476,1.5873015873,3.6976190476,63,57
main_benchmark,filtered_test_mini,test,qwen35_397b_a17b_reasoning,DocVQA,,68,68,0,68,0,2.0676470588,2.0676470588,3.4785294118,2.0676470588,3.4785294118,68,56
main_benchmark,filtered_test_mini,test,qwen35_397b_a17b_reasoning,EEE-Bench,,22,22,0,22,0,2.7227272727,2.7227272727,2.7056818182,2.7227272727,2.7056818182,22,17
main_benchmark,filtered_test_mini,test,qwen35_397b_a17b_reasoning,GEOQA_8K_R1V,,21,21,0,21,0,3.5190476190,3.5190476190,3.5583333333,3.5190476190,3.5583333333,21,18
main_benchmark,filtered_test_mini,test,qwen35_397b_a17b_reasoning,Geoperception,,34,34,0,34,0,3.5147058824,3.5147058824,3.5169117647,3.5147058824,3.5169117647,34,27
main_benchmark,filtered_test_mini,test,qwen35_397b_a17b_reasoning,Graph-Algorithms,,39,39,0,39,0,3.0076923077,3.0076923077,3.4628205128,3.0076923077,3.4628205128,39,33
main_benchmark,filtered_test_mini,test,qwen35_397b_a17b_reasoning,GraphVQA-Swift,,42,42,0,42,0,4.0333333333,4.0333333333,4.1952380952,4.0333333333,4.1952380952,42,38
main_benchmark,filtered_test_mini,test,qwen35_397b_a17b_reasoning,OlympiadBench,,23,23,0,23,0,3.2652173913,3.2652173913,3.8415217391,3.2652173913,3.8415217391,23,21
main_benchmark,filtered_test_mini,test,qwen35_397b_a17b_reasoning,Physics,,31,31,0,31,0,3.4161290323,3.4161290323,3.4137096774,3.4161290323,3.4137096774,31,28
main_benchmark,filtered_test_mini,test,qwen35_397b_a17b_reasoning,dvqa,,39,39,0,39,0,4.4871794872,4.4871794872,4.4912820513,4.4871794872,4.4912820513,39,37
main_benchmark,filtered_test_mini,test,qwen35_397b_a17b_reasoning,figureqa,,39,39,0,39,0,3.8410256410,3.8410256410,3.9038461538,3.8410256410,3.9038461538,39,36
main_benchmark,filtered_test_mini,test,qwen35_397b_a17b_reasoning,geometry3k,,21,21,0,21,0,2.4809523810,2.4809523810,2.4988095238,2.4809523810,2.4988095238,21,12
main_benchmark,filtered_test_mini,test,qwen35_397b_a17b_reasoning,matplotlib,,13,13,0,13,0,2.8923076923,2.8923076923,2.8711538462,2.8923076923,2.8711538462,13,10
main_benchmark,filtered_test_mini,test,qwen35_397b_a17b_reasoning,spatialvlm_qa,,39,39,0,39,0,0.2717948718,0.2717948718,0.3012820513,0.2717948718,0.3012820513,39,7
main_benchmark,filtered_test,test,gpt_5_4,ChartQA,,195,195,0,195,0,4.5805128205,4.5805128205,4.5821282051,4.5805128205,4.5821282051,195,194
main_benchmark,filtered_test,test,gpt_5_4,ChemVQA-2K,,288,288,0,288,0,3.6875000000,3.6875000000,4.6616319444,3.6875000000,4.6616319444,288,288
main_benchmark,filtered_test,test,gpt_5_4,DocVQA,,292,292,0,292,0,4.2476027397,4.2476027397,4.3638356164,4.2476027397,4.3638356164,292,273
main_benchmark,filtered_test,test,gpt_5_4,EEE-Bench,,67,67,0,67,0,3.9447761194,3.9447761194,3.9716417910,3.9447761194,3.9716417910,67,67
main_benchmark,filtered_test,test,gpt_5_4,GEOQA_8K_R1V,,73,73,0,73,0,3.7410958904,3.7410958904,3.9075342466,3.7410958904,3.9075342466,73,71
main_benchmark,filtered_test,test,gpt_5_4,Geoperception,,137,137,0,137,0,4.5335766423,4.5335766423,4.5476277372,4.5335766423,4.5476277372,137,137
main_benchmark,filtered_test,test,gpt_5_4,Graph-Algorithms,,161,161,0,161,0,3.9012422360,3.9012422360,4.5128881988,3.9012422360,4.5128881988,161,161
main_benchmark,filtered_test,test,gpt_5_4,GraphVQA-Swift,,175,175,0,175,0,4.7914285714,4.7914285714,4.8260000000,4.7914285714,4.8260000000,175,174
main_benchmark,filtered_test,test,gpt_5_4,OlympiadBench,,81,81,0,80,1,4.3750000000,4.3750000000,4.4380625000,4.3750000000,4.4380625000,80,81
main_benchmark,filtered_test,test,gpt_5_4,Physics,,121,121,0,121,0,4.5942148760,4.5942148760,4.6533057851,4.5942148760,4.6533057851,121,121
main_benchmark,filtered_test,test,gpt_5_4,dvqa,,161,161,0,161,0,4.7322981366,4.7322981366,4.7927639752,4.7322981366,4.7927639752,161,161
main_benchmark,filtered_test,test,gpt_5_4,figureqa,,161,161,0,158,3,4.5272151899,4.5272151899,4.5363291139,4.5272151899,4.5363291139,158,155
main_benchmark,filtered_test,test,gpt_5_4,geometry3k,,65,65,0,64,1,4.5453125000,4.5453125000,4.5486718750,4.5453125000,4.5486718750,64,65
main_benchmark,filtered_test,test,gpt_5_4,matplotlib,,31,31,0,31,0,3.3419354839,3.3419354839,3.5983870968,3.3419354839,3.5983870968,31,29
main_benchmark,filtered_test,test,gpt_5_4,spatialvlm_qa,,161,161,0,159,2,1.1716981132,1.1716981132,1.3506289308,1.1716981132,1.3506289308,159,151
main_benchmark,filtered_test_mini,test,gpt_5_4,ChartQA,,45,45,0,45,0,4.6044444444,4.6044444444,4.5980000000,4.6044444444,4.5980000000,45,44
main_benchmark,filtered_test_mini,test,gpt_5_4,ChemVQA-2K,,63,63,0,63,0,3.8301587302,3.8301587302,4.6984126984,3.8301587302,4.6984126984,63,63
main_benchmark,filtered_test_mini,test,gpt_5_4,DocVQA,,68,68,0,68,0,4.0823529412,4.0823529412,4.2788235294,4.0823529412,4.2788235294,68,62
main_benchmark,filtered_test_mini,test,gpt_5_4,EEE-Bench,,22,22,0,22,0,4.1954545455,4.1954545455,4.1863636364,4.1954545455,4.1863636364,22,22
main_benchmark,filtered_test_mini,test,gpt_5_4,GEOQA_8K_R1V,,21,21,0,21,0,4.0714285714,4.0714285714,4.1100000000,4.0714285714,4.1100000000,21,21
main_benchmark,filtered_test_mini,test,gpt_5_4,Geoperception,,34,34,0,34,0,4.6411764706,4.6411764706,4.6492647059,4.6411764706,4.6492647059,34,34
main_benchmark,filtered_test_mini,test,gpt_5_4,Graph-Algorithms,,39,39,0,39,0,3.8102564103,3.8102564103,4.3564102564,3.8102564103,4.3564102564,39,39
main_benchmark,filtered_test_mini,test,gpt_5_4,GraphVQA-Swift,,42,42,0,42,0,4.6880952381,4.6880952381,4.8202380952,4.6880952381,4.8202380952,42,42
main_benchmark,filtered_test_mini,test,gpt_5_4,OlympiadBench,,23,23,0,22,1,4.6363636364,4.6363636364,4.6277272727,4.6363636364,4.6277272727,22,23
main_benchmark,filtered_test_mini,test,gpt_5_4,Physics,,31,31,0,31,0,4.6096774194,4.6096774194,4.6500000000,4.6096774194,4.6500000000,31,31
main_benchmark,filtered_test_mini,test,gpt_5_4,dvqa,,39,39,0,39,0,4.8435897436,4.8435897436,4.8692307692,4.8435897436,4.8692307692,39,39
main_benchmark,filtered_test_mini,test,gpt_5_4,figureqa,,39,39,0,38,1,4.2815789474,4.2815789474,4.3055263158,4.2815789474,4.3055263158,38,36
main_benchmark,filtered_test_mini,test,gpt_5_4,geometry3k,,21,21,0,21,0,4.4333333333,4.4333333333,4.4390476190,4.4333333333,4.4390476190,21,21
main_benchmark,filtered_test_mini,test,gpt_5_4,matplotlib,,13,13,0,13,0,3.7076923077,3.7076923077,4.0219230769,3.7076923077,4.0219230769,13,12
main_benchmark,filtered_test_mini,test,gpt_5_4,spatialvlm_qa,,39,39,0,38,1,1.2973684211,1.2973684211,1.5059210526,1.2973684211,1.5059210526,38,37
main_benchmark,filtered_test,test,gpt_5_4_mini,ChartQA,,195,195,0,195,0,3.7020512821,3.7020512821,3.6993333333,3.7020512821,3.6993333333,195,159
main_benchmark,filtered_test,test,gpt_5_4_mini,ChemVQA-2K,,288,288,0,288,0,3.1593750000,3.1593750000,4.3130555556,3.1593750000,4.3130555556,288,280
main_benchmark,filtered_test,test,gpt_5_4_mini,DocVQA,,292,292,0,292,0,3.3496575342,3.3496575342,3.5878767123,3.3496575342,3.5878767123,292,248
main_benchmark,filtered_test,test,gpt_5_4_mini,EEE-Bench,,67,67,0,67,0,3.4388059701,3.4388059701,3.4682835821,3.4388059701,3.4682835821,67,62
main_benchmark,filtered_test,test,gpt_5_4_mini,GEOQA_8K_R1V,,73,73,0,73,0,3.6232876712,3.6232876712,3.7693150685,3.6232876712,3.7693150685,73,73
main_benchmark,filtered_test,test,gpt_5_4_mini,Geoperception,,137,137,0,137,0,4.4788321168,4.4788321168,4.5240510949,4.4788321168,4.5240510949,137,135
main_benchmark,filtered_test,test,gpt_5_4_mini,Graph-Algorithms,,161,161,0,161,0,3.5242236025,3.5242236025,4.6574534161,3.5242236025,4.6574534161,161,159
main_benchmark,filtered_test,test,gpt_5_4_mini,GraphVQA-Swift,,175,175,0,175,0,4.1720000000,4.1720000000,4.4565714286,4.1720000000,4.4565714286,175,163
main_benchmark,filtered_test,test,gpt_5_4_mini,OlympiadBench,,81,81,0,81,0,3.7654320988,3.7654320988,3.7957407407,3.7654320988,3.7957407407,81,80
main_benchmark,filtered_test,test,gpt_5_4_mini,Physics,,121,121,0,121,0,4.1462809917,4.1462809917,4.3485537190,4.1462809917,4.3485537190,121,121
main_benchmark,filtered_test,test,gpt_5_4_mini,dvqa,,161,161,0,161,0,4.6341614907,4.6341614907,4.7512732919,4.6341614907,4.7512732919,161,161
main_benchmark,filtered_test,test,gpt_5_4_mini,figureqa,,161,161,0,160,1,4.3756250000,4.3756250000,4.3905625000,4.3756250000,4.3905625000,160,150
main_benchmark,filtered_test,test,gpt_5_4_mini,geometry3k,,65,65,0,65,0,4.3569230769,4.3569230769,4.3732307692,4.3569230769,4.3732307692,65,63
main_benchmark,filtered_test,test,gpt_5_4_mini,matplotlib,,31,31,0,31,0,3.1935483871,3.1935483871,3.2050000000,3.1935483871,3.2050000000,31,27
main_benchmark,filtered_test,test,gpt_5_4_mini,spatialvlm_qa,,161,161,0,161,0,2.0105590062,2.0105590062,2.3737577640,2.0105590062,2.3737577640,161,139
main_benchmark,filtered_test_mini,test,gpt_5_4_mini,ChartQA,,45,45,0,45,0,3.6200000000,3.6200000000,3.6067777778,3.6200000000,3.6067777778,45,35
main_benchmark,filtered_test_mini,test,gpt_5_4_mini,ChemVQA-2K,,63,63,0,63,0,3.4761904762,3.4761904762,4.4590476190,3.4761904762,4.4590476190,63,63
main_benchmark,filtered_test_mini,test,gpt_5_4_mini,DocVQA,,68,68,0,68,0,3.3617647059,3.3617647059,3.6343382353,3.3617647059,3.6343382353,68,58
main_benchmark,filtered_test_mini,test,gpt_5_4_mini,EEE-Bench,,22,22,0,22,0,3.5636363636,3.5636363636,3.5511363636,3.5636363636,3.5511363636,22,21
main_benchmark,filtered_test_mini,test,gpt_5_4_mini,GEOQA_8K_R1V,,21,21,0,21,0,3.5571428571,3.5571428571,3.5702380952,3.5571428571,3.5702380952,21,21
main_benchmark,filtered_test_mini,test,gpt_5_4_mini,Geoperception,,34,34,0,34,0,4.4970588235,4.4970588235,4.5220588235,4.4970588235,4.5220588235,34,34
main_benchmark,filtered_test_mini,test,gpt_5_4_mini,Graph-Algorithms,,39,39,0,39,0,3.8871794872,3.8871794872,4.6589743590,3.8871794872,4.6589743590,39,38
main_benchmark,filtered_test_mini,test,gpt_5_4_mini,GraphVQA-Swift,,42,42,0,42,0,4.0428571429,4.0428571429,4.5446428571,4.0428571429,4.5446428571,42,40
main_benchmark,filtered_test_mini,test,gpt_5_4_mini,OlympiadBench,,23,23,0,23,0,4.2304347826,4.2304347826,4.2793478261,4.2304347826,4.2793478261,23,23
main_benchmark,filtered_test_mini,test,gpt_5_4_mini,Physics,,31,31,0,31,0,4.5129032258,4.5129032258,4.5475806452,4.5129032258,4.5475806452,31,31
main_benchmark,filtered_test_mini,test,gpt_5_4_mini,dvqa,,39,39,0,39,0,4.7025641026,4.7025641026,4.8138461538,4.7025641026,4.8138461538,39,39
main_benchmark,filtered_test_mini,test,gpt_5_4_mini,figureqa,,39,39,0,38,1,4.4500000000,4.4500000000,4.4764473684,4.4500000000,4.4764473684,38,37
main_benchmark,filtered_test_mini,test,gpt_5_4_mini,geometry3k,,21,21,0,21,0,4.4285714286,4.4285714286,4.4788095238,4.4285714286,4.4788095238,21,21
main_benchmark,filtered_test_mini,test,gpt_5_4_mini,matplotlib,,13,13,0,13,0,3.3923076923,3.3923076923,3.3773076923,3.3923076923,3.3773076923,13,11
main_benchmark,filtered_test_mini,test,gpt_5_4_mini,spatialvlm_qa,,39,39,0,39,0,1.9820512821,1.9820512821,2.3564102564,1.9820512821,2.3564102564,39,35
main_benchmark,filtered_test,test,gpt_5_4_mini_reasoning_medium,ChartQA,,195,195,0,195,0,4.3887179487,4.3887179487,4.3937692308,4.3887179487,4.3937692308,195,194
main_benchmark,filtered_test,test,gpt_5_4_mini_reasoning_medium,ChemVQA-2K,,288,288,0,288,0,3.6243055556,3.6243055556,4.4569097222,3.6243055556,4.4569097222,288,288
main_benchmark,filtered_test,test,gpt_5_4_mini_reasoning_medium,DocVQA,,292,292,0,292,0,3.9356164384,3.9356164384,4.0899315068,3.9356164384,4.0899315068,292,291
main_benchmark,filtered_test,test,gpt_5_4_mini_reasoning_medium,EEE-Bench,,67,67,0,67,0,3.6641791045,3.6641791045,3.7197761194,3.6641791045,3.7197761194,67,67
main_benchmark,filtered_test,test,gpt_5_4_mini_reasoning_medium,GEOQA_8K_R1V,,73,73,0,73,0,3.5671232877,3.5671232877,3.7470547945,3.5671232877,3.7470547945,73,73
main_benchmark,filtered_test,test,gpt_5_4_mini_reasoning_medium,Geoperception,,137,137,0,137,0,4.6664233577,4.6664233577,4.6814963504,4.6664233577,4.6814963504,137,137
main_benchmark,filtered_test,test,gpt_5_4_mini_reasoning_medium,Graph-Algorithms,,161,161,0,161,0,3.9788819876,3.9788819876,4.5074534161,3.9788819876,4.5074534161,161,161
main_benchmark,filtered_test,test,gpt_5_4_mini_reasoning_medium,GraphVQA-Swift,,175,175,0,175,0,4.4965714286,4.4965714286,4.7900000000,4.4965714286,4.7900000000,175,175
main_benchmark,filtered_test,test,gpt_5_4_mini_reasoning_medium,OlympiadBench,,81,81,0,81,0,3.8518518519,3.8518518519,3.8630246914,3.8518518519,3.8630246914,81,81
main_benchmark,filtered_test,test,gpt_5_4_mini_reasoning_medium,Physics,,121,121,0,121,0,4.2586776860,4.2586776860,4.3619834711,4.2586776860,4.3619834711,121,121
main_benchmark,filtered_test,test,gpt_5_4_mini_reasoning_medium,dvqa,,161,161,0,161,0,4.6409937888,4.6409937888,4.7537888199,4.6409937888,4.7537888199,161,161
main_benchmark,filtered_test,test,gpt_5_4_mini_reasoning_medium,figureqa,,161,161,0,161,0,4.7453416149,4.7453416149,4.7569875776,4.7453416149,4.7569875776,161,161
main_benchmark,filtered_test,test,gpt_5_4_mini_reasoning_medium,geometry3k,,65,65,0,65,0,4.5246153846,4.5246153846,4.5366153846,4.5246153846,4.5366153846,65,65
main_benchmark,filtered_test,test,gpt_5_4_mini_reasoning_medium,matplotlib,,31,31,0,31,0,4.0870967742,4.0870967742,4.0659677419,4.0870967742,4.0659677419,31,31
main_benchmark,filtered_test,test,gpt_5_4_mini_reasoning_medium,spatialvlm_qa,,161,161,0,161,0,2.4198757764,2.4198757764,2.6765527950,2.4198757764,2.6765527950,161,136
main_benchmark,filtered_test_mini,test,gpt_5_4_mini_reasoning_medium,ChartQA,,45,45,0,45,0,4.4511111111,4.4511111111,4.4705555556,4.4511111111,4.4705555556,45,45
main_benchmark,filtered_test_mini,test,gpt_5_4_mini_reasoning_medium,ChemVQA-2K,,63,63,0,63,0,3.7984126984,3.7984126984,4.4650793651,3.7984126984,4.4650793651,63,63
main_benchmark,filtered_test_mini,test,gpt_5_4_mini_reasoning_medium,DocVQA,,68,68,0,68,0,3.8970588235,3.8970588235,4.0749264706,3.8970588235,4.0749264706,68,68
main_benchmark,filtered_test_mini,test,gpt_5_4_mini_reasoning_medium,EEE-Bench,,22,22,0,22,0,4.0000000000,4.0000000000,4.0670454545,4.0000000000,4.0670454545,22,22
main_benchmark,filtered_test_mini,test,gpt_5_4_mini_reasoning_medium,GEOQA_8K_R1V,,21,21,0,21,0,3.4666666667,3.4666666667,3.5530952381,3.4666666667,3.5530952381,21,21
main_benchmark,filtered_test_mini,test,gpt_5_4_mini_reasoning_medium,Geoperception,,34,34,0,34,0,4.5647058824,4.5647058824,4.6022058824,4.5647058824,4.6022058824,34,34
main_benchmark,filtered_test_mini,test,gpt_5_4_mini_reasoning_medium,Graph-Algorithms,,39,39,0,39,0,4.1153846154,4.1153846154,4.5525641026,4.1153846154,4.5525641026,39,39
main_benchmark,filtered_test_mini,test,gpt_5_4_mini_reasoning_medium,GraphVQA-Swift,,42,42,0,42,0,4.2642857143,4.2642857143,4.7785714286,4.2642857143,4.7785714286,42,42
main_benchmark,filtered_test_mini,test,gpt_5_4_mini_reasoning_medium,OlympiadBench,,23,23,0,23,0,4.1434782609,4.1434782609,4.1376086957,4.1434782609,4.1376086957,23,23
main_benchmark,filtered_test_mini,test,gpt_5_4_mini_reasoning_medium,Physics,,31,31,0,31,0,4.4645161290,4.4645161290,4.5064516129,4.4645161290,4.5064516129,31,31
main_benchmark,filtered_test_mini,test,gpt_5_4_mini_reasoning_medium,dvqa,,39,39,0,39,0,4.7000000000,4.7000000000,4.7997435897,4.7000000000,4.7997435897,39,39
main_benchmark,filtered_test_mini,test,gpt_5_4_mini_reasoning_medium,figureqa,,39,39,0,39,0,4.7769230769,4.7769230769,4.7891025641,4.7769230769,4.7891025641,39,39
main_benchmark,filtered_test_mini,test,gpt_5_4_mini_reasoning_medium,geometry3k,,21,21,0,21,0,4.1047619048,4.1047619048,4.1261904762,4.1047619048,4.1261904762,21,21
main_benchmark,filtered_test_mini,test,gpt_5_4_mini_reasoning_medium,matplotlib,,13,13,0,13,0,4.3538461538,4.3538461538,4.3269230769,4.3538461538,4.3269230769,13,13
main_benchmark,filtered_test_mini,test,gpt_5_4_mini_reasoning_medium,spatialvlm_qa,,39,39,0,39,0,2.4333333333,2.4333333333,2.6878205128,2.4333333333,2.6878205128,39,33
main_benchmark,filtered_test,test,gemini_3_1_flash_lite_preview,ChartQA,,195,195,0,195,0,3.9743589744,3.9743589744,4.0024871795,3.9743589744,4.0024871795,195,187
main_benchmark,filtered_test,test,gemini_3_1_flash_lite_preview,ChemVQA-2K,,288,288,0,288,0,0.7399305556,0.7399305556,1.4626736111,0.7399305556,1.4626736111,288,285
main_benchmark,filtered_test,test,gemini_3_1_flash_lite_preview,DocVQA,,292,292,0,290,2,2.1941379310,2.1941379310,3.7544137931,2.1941379310,3.7544137931,290,278
main_benchmark,filtered_test,test,gemini_3_1_flash_lite_preview,EEE-Bench,,67,67,0,67,0,3.2283582090,3.2283582090,3.2593283582,3.2283582090,3.2593283582,67,65
main_benchmark,filtered_test,test,gemini_3_1_flash_lite_preview,GEOQA_8K_R1V,,73,73,0,73,0,3.2808219178,3.2808219178,3.3832876712,3.2808219178,3.3832876712,73,72
main_benchmark,filtered_test,test,gemini_3_1_flash_lite_preview,Geoperception,,137,137,0,137,0,3.8109489051,3.8109489051,3.8497445255,3.8109489051,3.8497445255,137,135
main_benchmark,filtered_test,test,gemini_3_1_flash_lite_preview,Graph-Algorithms,,161,161,0,161,0,2.9285714286,2.9285714286,4.4925465839,2.9285714286,4.4925465839,161,161
main_benchmark,filtered_test,test,gemini_3_1_flash_lite_preview,GraphVQA-Swift,,175,175,0,175,0,4.2325714286,4.2325714286,4.3255714286,4.2325714286,4.3255714286,175,175
main_benchmark,filtered_test,test,gemini_3_1_flash_lite_preview,OlympiadBench,,81,81,0,81,0,3.2740740741,3.2740740741,3.7795679012,3.2740740741,3.7795679012,81,79
main_benchmark,filtered_test,test,gemini_3_1_flash_lite_preview,Physics,,121,121,0,121,0,3.4024793388,3.4024793388,3.7216942149,3.4024793388,3.7216942149,121,120
main_benchmark,filtered_test,test,gemini_3_1_flash_lite_preview,dvqa,,161,161,0,161,0,4.6335403727,4.6335403727,4.6845962733,4.6335403727,4.6845962733,161,159
main_benchmark,filtered_test,test,gemini_3_1_flash_lite_preview,figureqa,,161,161,0,160,1,4.1862500000,4.1862500000,4.3080312500,4.1862500000,4.3080312500,160,160
main_benchmark,filtered_test,test,gemini_3_1_flash_lite_preview,geometry3k,,65,65,0,65,0,3.8076923077,3.8076923077,3.8506923077,3.8076923077,3.8506923077,65,64
main_benchmark,filtered_test,test,gemini_3_1_flash_lite_preview,matplotlib,,31,31,0,31,0,3.2193548387,3.2193548387,3.2666129032,3.2193548387,3.2666129032,31,31
main_benchmark,filtered_test,test,gemini_3_1_flash_lite_preview,spatialvlm_qa,,161,161,0,161,0,0.1223602484,0.1223602484,0.1287267081,0.1223602484,0.1287267081,161,16
main_benchmark,filtered_test_mini,test,gemini_3_1_flash_lite_preview,ChartQA,,45,45,0,45,0,4.1733333333,4.1733333333,4.1964444444,4.1733333333,4.1964444444,45,45
main_benchmark,filtered_test_mini,test,gemini_3_1_flash_lite_preview,ChemVQA-2K,,63,63,0,63,0,0.7301587302,0.7301587302,1.3380952381,0.7301587302,1.3380952381,63,63
main_benchmark,filtered_test_mini,test,gemini_3_1_flash_lite_preview,DocVQA,,68,68,0,67,1,2.1388059701,2.1388059701,3.9936567164,2.1388059701,3.9936567164,67,65
main_benchmark,filtered_test_mini,test,gemini_3_1_flash_lite_preview,EEE-Bench,,22,22,0,22,0,2.9227272727,2.9227272727,2.9693181818,2.9227272727,2.9693181818,22,21
main_benchmark,filtered_test_mini,test,gemini_3_1_flash_lite_preview,GEOQA_8K_R1V,,21,21,0,21,0,3.4142857143,3.4142857143,3.5095238095,3.4142857143,3.5095238095,21,21
main_benchmark,filtered_test_mini,test,gemini_3_1_flash_lite_preview,Geoperception,,34,34,0,34,0,3.6647058824,3.6647058824,3.7086764706,3.6647058824,3.7086764706,34,34
main_benchmark,filtered_test_mini,test,gemini_3_1_flash_lite_preview,Graph-Algorithms,,39,39,0,39,0,3.2205128205,3.2205128205,4.3705128205,3.2205128205,4.3705128205,39,39
main_benchmark,filtered_test_mini,test,gemini_3_1_flash_lite_preview,GraphVQA-Swift,,42,42,0,42,0,4.2880952381,4.2880952381,4.3791666667,4.2880952381,4.3791666667,42,42
main_benchmark,filtered_test_mini,test,gemini_3_1_flash_lite_preview,OlympiadBench,,23,23,0,23,0,3.1043478261,3.1043478261,3.7206521739,3.1043478261,3.7206521739,23,21
main_benchmark,filtered_test_mini,test,gemini_3_1_flash_lite_preview,Physics,,31,31,0,31,0,3.8129032258,3.8129032258,4.0024193548,3.8129032258,4.0024193548,31,31
main_benchmark,filtered_test_mini,test,gemini_3_1_flash_lite_preview,dvqa,,39,39,0,39,0,4.7102564103,4.7102564103,4.7773076923,4.7102564103,4.7773076923,39,39
main_benchmark,filtered_test_mini,test,gemini_3_1_flash_lite_preview,figureqa,,39,39,0,39,0,4.2102564103,4.2102564103,4.3307692308,4.2102564103,4.3307692308,39,39
main_benchmark,filtered_test_mini,test,gemini_3_1_flash_lite_preview,geometry3k,,21,21,0,21,0,3.6428571429,3.6428571429,3.6592857143,3.6428571429,3.6592857143,21,21
main_benchmark,filtered_test_mini,test,gemini_3_1_flash_lite_preview,matplotlib,,13,13,0,13,0,3.4769230769,3.4769230769,3.5546153846,3.4769230769,3.5546153846,13,13
main_benchmark,filtered_test_mini,test,gemini_3_1_flash_lite_preview,spatialvlm_qa,,39,39,0,39,0,0.0461538462,0.0461538462,0.0461538462,0.0461538462,0.0461538462,39,3
