split,source_split,model_a,model_b,mean_a,mean_b,mean_diff_a_minus_b,ci_level,ci_lower,ci_upper,bootstrap_std,num_paired_samples,a_sample_win_rate,b_sample_win_rate,tie_rate,interpretation
filtered_test_mini,test-mini,qwen35_9b,kimi_k2_5,1.5521335807,2.9441558442,-1.3920222635,0.9500000000,-1.5603014842,-1.2205890538,0.0865598236,539,0.1317254174,0.7050092764,0.1632653061,model_b_higher
filtered_test_mini,test-mini,qwen35_9b,kimi_k2_5_reasoning,1.5521335807,3.2562152134,-1.7040816327,0.9500000000,-1.8779220779,-1.5287569573,0.0892138402,539,0.1094619666,0.7458256030,0.1447124304,model_b_higher
filtered_test_mini,test-mini,qwen35_9b,qwen35_397b_a17b,1.5550185874,2.3228624535,-0.7678438662,0.9500000000,-0.9247258364,-0.6128206320,0.0792052746,538,0.2286245353,0.5687732342,0.2026022305,model_b_higher
filtered_test_mini,test-mini,qwen35_9b,qwen35_397b_a17b_reasoning,1.5521335807,2.8994434137,-1.3473098330,0.9500000000,-1.5265352505,-1.1727272727,0.0905972301,539,0.1688311688,0.6400742115,0.1910946197,model_b_higher
filtered_test_mini,test-mini,qwen35_9b,gpt_5_4_mini,1.5485130112,3.7955390335,-2.2470260223,0.9500000000,-2.4180297398,-2.0708085502,0.0878261472,538,0.0650557621,0.8475836431,0.0873605948,model_b_higher
filtered_test_mini,test-mini,qwen35_9b,gpt_5_4_mini_reasoning_medium,1.5521335807,4.0838589981,-2.5317254174,0.9500000000,-2.6840445269,-2.3805148423,0.0775203074,539,0.0371057514,0.8905380334,0.0723562152,model_b_higher
filtered_test_mini,test-mini,qwen35_9b,gemini_3_1_flash_lite_preview,1.5550185874,2.9821561338,-1.4271375465,0.9500000000,-1.5814126394,-1.2713754647,0.0787510543,538,0.0817843866,0.7230483271,0.1951672862,model_b_higher
filtered_test_mini,test-mini,kimi_k2_5,kimi_k2_5_reasoning,2.9441558442,3.2562152134,-0.3120593692,0.9500000000,-0.4803385900,-0.1445269017,0.0854102118,539,0.2857142857,0.4174397032,0.2968460111,model_b_higher
filtered_test_mini,test-mini,kimi_k2_5,qwen35_397b_a17b,2.9496282528,2.3228624535,0.6267657993,0.9500000000,0.4447955390,0.8039079926,0.0917277277,538,0.5594795539,0.2676579926,0.1728624535,model_a_higher
filtered_test_mini,test-mini,kimi_k2_5,qwen35_397b_a17b_reasoning,2.9441558442,2.8994434137,0.0447124304,0.9500000000,-0.1447124304,0.2343228200,0.0965715428,539,0.3692022263,0.3487940631,0.2820037106,overlap_zero
filtered_test_mini,test-mini,kimi_k2_5,gpt_5_4_mini,2.9403345725,3.7955390335,-0.8552044610,0.9500000000,-1.0397769517,-0.6715613383,0.0939338760,538,0.1747211896,0.5780669145,0.2472118959,model_b_higher
filtered_test_mini,test-mini,kimi_k2_5,gpt_5_4_mini_reasoning_medium,2.9441558442,4.0838589981,-1.1397031540,0.9500000000,-1.3048283859,-0.9656771800,0.0856285778,539,0.1669758813,0.5955473098,0.2374768089,model_b_higher
filtered_test_mini,test-mini,kimi_k2_5,gemini_3_1_flash_lite_preview,2.9410780669,2.9821561338,-0.0410780669,0.9500000000,-0.1998234201,0.1198884758,0.0807084295,538,0.3215613383,0.3717472119,0.3066914498,overlap_zero
filtered_test_mini,test-mini,kimi_k2_5_reasoning,qwen35_397b_a17b,3.2622676580,2.3228624535,0.9394052045,0.9500000000,0.7566821561,1.1204460967,0.0922770360,538,0.6189591078,0.1914498141,0.1895910781,model_a_higher
filtered_test_mini,test-mini,kimi_k2_5_reasoning,qwen35_397b_a17b_reasoning,3.2562152134,2.8994434137,0.3567717996,0.9500000000,0.1819990724,0.5313589981,0.0890948187,539,0.4230055659,0.2615955473,0.3153988868,model_a_higher
filtered_test_mini,test-mini,kimi_k2_5_reasoning,gpt_5_4_mini,3.2622676580,3.7955390335,-0.5332713755,0.9500000000,-0.7052044610,-0.3607806691,0.0875661651,538,0.2323420074,0.5111524164,0.2565055762,model_b_higher
filtered_test_mini,test-mini,kimi_k2_5_reasoning,gpt_5_4_mini_reasoning_medium,3.2562152134,4.0838589981,-0.8276437848,0.9500000000,-0.9894387755,-0.6671614100,0.0825394381,539,0.2077922078,0.5287569573,0.2634508349,model_b_higher
filtered_test_mini,test-mini,kimi_k2_5_reasoning,gemini_3_1_flash_lite_preview,3.2531598513,2.9821561338,0.2710037175,0.9500000000,0.1029739777,0.4418215613,0.0859332060,538,0.3921933086,0.2973977695,0.3104089219,model_a_higher
filtered_test_mini,test-mini,qwen35_397b_a17b,qwen35_397b_a17b_reasoning,2.3228624535,2.9048327138,-0.5819702602,0.9500000000,-0.7576208178,-0.4107760223,0.0890537179,538,0.2565055762,0.4758364312,0.2676579926,model_b_higher
filtered_test_mini,test-mini,qwen35_397b_a17b,gpt_5_4_mini,2.3206703911,3.7988826816,-1.4782122905,0.9500000000,-1.6499068901,-1.3022299814,0.0882708923,537,0.1080074488,0.7150837989,0.1769087523,model_b_higher
filtered_test_mini,test-mini,qwen35_397b_a17b,gpt_5_4_mini_reasoning_medium,2.3228624535,4.0868029740,-1.7639405204,0.9500000000,-1.9193355019,-1.6085501859,0.0792686989,538,0.0817843866,0.7657992565,0.1524163569,model_b_higher
filtered_test_mini,test-mini,qwen35_397b_a17b,gemini_3_1_flash_lite_preview,2.3271880819,2.9877094972,-0.6605214153,0.9500000000,-0.8074487896,-0.5158193669,0.0744378616,537,0.1843575419,0.5493482309,0.2662942272,model_b_higher
filtered_test_mini,test-mini,qwen35_397b_a17b_reasoning,gpt_5_4_mini,2.9001858736,3.7955390335,-0.8953531599,0.9500000000,-1.0838289963,-0.7139405204,0.0945600131,538,0.1951672862,0.5353159851,0.2695167286,model_b_higher
filtered_test_mini,test-mini,qwen35_397b_a17b_reasoning,gpt_5_4_mini_reasoning_medium,2.8994434137,4.0838589981,-1.1844155844,0.9500000000,-1.3539935065,-1.0127875696,0.0865247939,539,0.1521335807,0.5881261596,0.2597402597,model_b_higher
filtered_test_mini,test-mini,qwen35_397b_a17b_reasoning,gemini_3_1_flash_lite_preview,2.8962825279,2.9821561338,-0.0858736059,0.9500000000,-0.2488894052,0.0773234201,0.0832387593,538,0.2788104089,0.3680297398,0.3531598513,overlap_zero
filtered_test_mini,test-mini,gpt_5_4_mini,gpt_5_4_mini_reasoning_medium,3.7955390335,4.0821561338,-0.2866171004,0.9500000000,-0.4282527881,-0.1459014870,0.0717008919,538,0.3029739777,0.3234200743,0.3736059480,model_b_higher
filtered_test_mini,test-mini,gpt_5_4_mini,gemini_3_1_flash_lite_preview,3.7985102421,2.9830540037,0.8154562384,0.9500000000,0.6370577281,0.9871508380,0.0894221848,537,0.5270018622,0.1750465549,0.2979515829,model_a_higher
filtered_test_mini,test-mini,gpt_5_4_mini_reasoning_medium,gemini_3_1_flash_lite_preview,4.0828996283,2.9821561338,1.1007434944,0.9500000000,0.9397769517,1.2617100372,0.0824151214,538,0.5669144981,0.1654275093,0.2676579926,model_a_higher
filtered_test,test,qwen35_9b,kimi_k2_5,1.5777214022,2.8654520295,-1.2877306273,0.9500000000,-1.3769845480,-1.2014748616,0.0452295692,2168,0.1637453875,0.6748154982,0.1614391144,model_b_higher
filtered_test,test,qwen35_9b,kimi_k2_5_reasoning,1.5769940065,3.1702166897,-1.5932226833,0.9500000000,-1.6822037805,-1.5048858921,0.0445588550,2169,0.1277086215,0.7201475334,0.1521438451,model_b_higher
filtered_test,test,qwen35_9b,qwen35_397b_a17b,1.5761421320,2.1876788186,-0.6115366867,0.9500000000,-0.6924803876,-0.5339640055,0.0403382932,2167,0.2381172127,0.5440701431,0.2178126442,model_b_higher
filtered_test,test,qwen35_9b,qwen35_397b_a17b_reasoning,1.5769940065,2.8587367450,-1.2817427386,0.9500000000,-1.3742750115,-1.1903158137,0.0471949339,2169,0.1857999078,0.6334716459,0.1807284463,model_b_higher
filtered_test,test,qwen35_9b,gpt_5_4_mini,1.5761070111,3.6783671587,-2.1022601476,0.9500000000,-2.1875922509,-2.0143450185,0.0442437672,2168,0.0784132841,0.8214944649,0.1000922509,model_b_higher
filtered_test,test,qwen35_9b,gpt_5_4_mini_reasoning_medium,1.5769940065,4.0435223605,-2.4665283541,0.9500000000,-2.5414015675,-2.3887943753,0.0391850950,2169,0.0470262794,0.8801290917,0.0728446289,model_b_higher
filtered_test,test,qwen35_9b,gemini_3_1_flash_lite_preview,1.5775623269,2.8966759003,-1.3191135734,0.9500000000,-1.3954305171,-1.2397933980,0.0400412100,2166,0.1080332410,0.6855955679,0.2063711911,model_b_higher
filtered_test,test,kimi_k2_5,kimi_k2_5_reasoning,2.8654520295,3.1707564576,-0.3053044280,0.9500000000,-0.3887476937,-0.2214933118,0.0427528067,2168,0.2698339483,0.4072878229,0.3228782288,model_b_higher
filtered_test,test,kimi_k2_5,qwen35_397b_a17b,2.8657894737,2.1886888273,0.6771006464,0.9500000000,0.5878578024,0.7681486611,0.0460110684,2166,0.5346260388,0.2663896584,0.1989843029,model_a_higher
filtered_test,test,kimi_k2_5,qwen35_397b_a17b_reasoning,2.8654520295,2.8600553506,0.0053966790,0.9500000000,-0.0850622694,0.0983394834,0.0467649737,2168,0.3671586716,0.3630073801,0.2698339483,overlap_zero
filtered_test,test,kimi_k2_5,gpt_5_4_mini,2.8644670051,3.6789109368,-0.8144439317,0.9500000000,-0.9090470697,-0.7223315644,0.0474815405,2167,0.1859713890,0.5763728657,0.2376557453,model_b_higher
filtered_test,test,kimi_k2_5,gpt_5_4_mini_reasoning_medium,2.8654520295,4.0432656827,-1.1778136531,0.9500000000,-1.2634686347,-1.0942769834,0.0428477650,2168,0.1586715867,0.6268450185,0.2144833948,model_b_higher
filtered_test,test,kimi_k2_5,gemini_3_1_flash_lite_preview,2.8649884527,2.8975519630,-0.0325635104,0.9500000000,-0.1162632794,0.0500727483,0.0425180348,2165,0.3357967667,0.3722863741,0.2919168591,overlap_zero
filtered_test,test,kimi_k2_5_reasoning,qwen35_397b_a17b,3.1708352561,2.1876788186,0.9831564375,0.9500000000,0.8963532533,1.0683433318,0.0441827463,2167,0.5934471620,0.1905860637,0.2159667743,model_a_higher
filtered_test,test,kimi_k2_5_reasoning,qwen35_397b_a17b_reasoning,3.1702166897,2.8587367450,0.3114799447,0.9500000000,0.2245723836,0.4001394652,0.0449621931,2169,0.3988012909,0.2770862148,0.3241124942,model_a_higher
filtered_test,test,kimi_k2_5_reasoning,gpt_5_4_mini,3.1716789668,3.6783671587,-0.5066881919,0.9500000000,-0.5942343173,-0.4208025830,0.0445497901,2168,0.2237084871,0.5009225092,0.2753690037,model_b_higher
filtered_test,test,kimi_k2_5_reasoning,gpt_5_4_mini_reasoning_medium,3.1702166897,4.0435223605,-0.8733056708,0.9500000000,-0.9526060396,-0.7940963578,0.0410239353,2169,0.1853388658,0.5564776395,0.2581834947,model_b_higher
filtered_test,test,kimi_k2_5_reasoning,gemini_3_1_flash_lite_preview,3.1712373038,2.8966759003,0.2745614035,0.9500000000,0.1945498615,0.3578970452,0.0417258671,2166,0.3882733149,0.2890120037,0.3227146814,model_a_higher
filtered_test,test,qwen35_397b_a17b,qwen35_397b_a17b_reasoning,2.1876788186,2.8590678357,-0.6713890171,0.9500000000,-0.7587932626,-0.5839859252,0.0447004513,2167,0.2404245501,0.4859252423,0.2736502077,model_b_higher
filtered_test,test,qwen35_397b_a17b,gpt_5_4_mini,2.1870729455,3.6785318560,-1.4914589104,0.9500000000,-1.5786265005,-1.4052608495,0.0445931577,2166,0.1172668513,0.7026777470,0.1800554017,model_b_higher
filtered_test,test,qwen35_397b_a17b,gpt_5_4_mini_reasoning_medium,2.1876788186,4.0438855561,-1.8562067374,0.9500000000,-1.9337805722,-1.7780283802,0.0397742487,2167,0.0715274573,0.7669589294,0.1615136133,model_b_higher
filtered_test,test,qwen35_397b_a17b,gemini_3_1_flash_lite_preview,2.1876617375,2.8970425139,-0.7093807763,0.9500000000,-0.7889567930,-0.6302218115,0.0406228805,2164,0.2074861368,0.5277264325,0.2647874307,model_b_higher
filtered_test,test,qwen35_397b_a17b_reasoning,gpt_5_4_mini,2.8589022140,3.6783671587,-0.8194649446,0.9500000000,-0.9074757841,-0.7287327030,0.0455642710,2168,0.1923431734,0.5244464945,0.2832103321,model_b_higher
filtered_test,test,qwen35_397b_a17b_reasoning,gpt_5_4_mini_reasoning_medium,2.8587367450,4.0435223605,-1.1847856155,0.9500000000,-1.2706327801,-1.0996772706,0.0432785981,2169,0.1475334255,0.5919778700,0.2604887045,model_b_higher
filtered_test,test,qwen35_397b_a17b_reasoning,gemini_3_1_flash_lite_preview,2.8572483841,2.8966759003,-0.0394275162,0.9500000000,-0.1234545245,0.0438631117,0.0427166048,2166,0.3060941828,0.3559556787,0.3379501385,overlap_zero
filtered_test,test,gpt_5_4_mini,gpt_5_4_mini_reasoning_medium,3.6783671587,4.0430811808,-0.3647140221,0.9500000000,-0.4363018911,-0.2928032749,0.0365628172,2168,0.2615313653,0.3505535055,0.3879151292,model_b_higher
filtered_test,test,gpt_5_4_mini,gemini_3_1_flash_lite_preview,3.6779676674,2.8968591224,0.7811085450,0.9500000000,0.6938106236,0.8688695150,0.0444188046,2165,0.5205542725,0.1866050808,0.2928406467,model_a_higher
filtered_test,test,gpt_5_4_mini_reasoning_medium,gemini_3_1_flash_lite_preview,4.0433518006,2.8966759003,1.1466759003,0.9500000000,1.0645429363,1.2285791782,0.0418703433,2166,0.5697137581,0.1583564174,0.2719298246,model_a_higher
