metric_group,split,source_split,model_slug,dataset,stage,num_filtered_samples,num_metric_rows,num_missing_rows,num_rated_final,num_missing_rating,benchmark_score_0_to_5,mean_final_rating_0_to_5,mean_raw_score_0_to_5,macro_mean_final_rating_0_to_5,macro_mean_raw_score_0_to_5,num_rated_raw,num_render_success
generic_rubric,filtered_test_mini,test-mini,qwen35_9b,ChartQA,,45,45,0,45,0,3.6088888889,3.6088888889,3.5850000000,3.6088888889,3.5850000000,45,38
generic_rubric,filtered_test_mini,test-mini,qwen35_9b,ChemVQA-2K,,63,63,0,63,0,0.4825396825,0.4825396825,0.4722222222,0.4825396825,0.4722222222,63,22
generic_rubric,filtered_test_mini,test-mini,qwen35_9b,DocVQA,,68,68,0,64,4,1.6609375000,1.6609375000,1.6500000000,1.6609375000,1.6500000000,64,49
generic_rubric,filtered_test_mini,test-mini,qwen35_9b,EEE-Bench,,22,22,0,22,0,1.2909090909,1.2909090909,1.2670454545,1.2909090909,1.2670454545,22,18
generic_rubric,filtered_test_mini,test-mini,qwen35_9b,GEOQA_8K_R1V,,21,21,0,21,0,2.7952380952,2.7952380952,2.7678571429,2.7952380952,2.7678571429,21,19
generic_rubric,filtered_test_mini,test-mini,qwen35_9b,Geoperception,,34,34,0,34,0,2.5647058824,2.5647058824,2.5360294118,2.5647058824,2.5360294118,34,32
generic_rubric,filtered_test_mini,test-mini,qwen35_9b,Graph-Algorithms,,39,39,0,39,0,2.2333333333,2.2333333333,2.2083333333,2.2333333333,2.2083333333,39,38
generic_rubric,filtered_test_mini,test-mini,qwen35_9b,GraphVQA-Swift,,42,42,0,42,0,3.5785714286,3.5785714286,3.5648809524,3.5785714286,3.5648809524,42,42
generic_rubric,filtered_test_mini,test-mini,qwen35_9b,OlympiadBench,,23,23,0,23,0,2.4086956522,2.4086956522,2.3858695652,2.4086956522,2.3858695652,23,21
generic_rubric,filtered_test_mini,test-mini,qwen35_9b,Physics,,31,31,0,31,0,3.0225806452,3.0225806452,3.0000000000,3.0225806452,3.0000000000,31,28
generic_rubric,filtered_test_mini,test-mini,qwen35_9b,dvqa,,39,39,0,39,0,3.8717948718,3.8717948718,3.8538461538,3.8717948718,3.8538461538,39,38
generic_rubric,filtered_test_mini,test-mini,qwen35_9b,figureqa,,39,39,0,39,0,2.9717948718,2.9717948718,2.9583333333,2.9717948718,2.9583333333,39,32
generic_rubric,filtered_test_mini,test-mini,qwen35_9b,geometry3k,,21,21,0,21,0,2.2952380952,2.2952380952,2.2738095238,2.2952380952,2.2738095238,21,19
generic_rubric,filtered_test_mini,test-mini,qwen35_9b,matplotlib,,13,13,0,13,0,2.4461538462,2.4461538462,2.4403846154,2.4461538462,2.4403846154,13,9
generic_rubric,filtered_test_mini,test-mini,qwen35_9b,spatialvlm_qa,,39,39,0,39,0,0.4256410256,0.4256410256,0.4230769231,0.4256410256,0.4230769231,39,8
generic_rubric,filtered_test_mini,test-mini,kimi_k2_5,ChartQA,,45,45,0,45,0,4.3244444444,4.3244444444,4.2961111111,4.3244444444,4.2961111111,45,45
generic_rubric,filtered_test_mini,test-mini,kimi_k2_5,ChemVQA-2K,,63,63,0,63,0,3.4952380952,3.4952380952,3.4801587302,3.4952380952,3.4801587302,63,63
generic_rubric,filtered_test_mini,test-mini,kimi_k2_5,DocVQA,,68,68,0,68,0,3.3676470588,3.3676470588,3.3595588235,3.3676470588,3.3595588235,68,54
generic_rubric,filtered_test_mini,test-mini,kimi_k2_5,EEE-Bench,,22,22,0,22,0,2.8136363636,2.8136363636,2.7943181818,2.8136363636,2.7943181818,22,21
generic_rubric,filtered_test_mini,test-mini,kimi_k2_5,GEOQA_8K_R1V,,21,21,0,21,0,3.2428571429,3.2428571429,3.2321428571,3.2428571429,3.2321428571,21,20
generic_rubric,filtered_test_mini,test-mini,kimi_k2_5,Geoperception,,34,34,0,33,1,3.8242424242,3.8242424242,3.8068181818,3.8242424242,3.8068181818,33,33
generic_rubric,filtered_test_mini,test-mini,kimi_k2_5,Graph-Algorithms,,39,39,0,39,0,4.0358974359,4.0358974359,4.0128205128,4.0358974359,4.0128205128,39,38
generic_rubric,filtered_test_mini,test-mini,kimi_k2_5,GraphVQA-Swift,,42,42,0,42,0,4.1000000000,4.1000000000,4.0863095238,4.1000000000,4.0863095238,42,42
generic_rubric,filtered_test_mini,test-mini,kimi_k2_5,OlympiadBench,,23,23,0,23,0,3.2652173913,3.2652173913,3.2445652174,3.2652173913,3.2445652174,23,22
generic_rubric,filtered_test_mini,test-mini,kimi_k2_5,Physics,,31,31,0,31,0,4.2290322581,4.2290322581,4.2177419355,4.2290322581,4.2177419355,31,30
generic_rubric,filtered_test_mini,test-mini,kimi_k2_5,dvqa,,39,39,0,39,0,4.5487179487,4.5487179487,4.5358974359,4.5487179487,4.5358974359,39,39
generic_rubric,filtered_test_mini,test-mini,kimi_k2_5,figureqa,,39,39,0,39,0,3.9615384615,3.9615384615,3.9435897436,3.9615384615,3.9435897436,39,39
generic_rubric,filtered_test_mini,test-mini,kimi_k2_5,geometry3k,,21,21,0,21,0,3.3904761905,3.3904761905,3.3809523810,3.3904761905,3.3809523810,21,20
generic_rubric,filtered_test_mini,test-mini,kimi_k2_5,matplotlib,,13,13,0,13,0,4.1230769231,4.1230769231,4.1000000000,4.1230769231,4.1000000000,13,13
generic_rubric,filtered_test_mini,test-mini,kimi_k2_5,spatialvlm_qa,,39,39,0,39,0,1.7615384615,1.7615384615,1.7500000000,1.7615384615,1.7500000000,39,23
generic_rubric,filtered_test_mini,test-mini,qwen35_397b_a17b,ChartQA,,45,45,0,45,0,3.1933333333,3.1933333333,3.1722222222,3.1933333333,3.1722222222,45,43
generic_rubric,filtered_test_mini,test-mini,qwen35_397b_a17b,ChemVQA-2K,,63,63,0,63,0,2.7619047619,2.7619047619,2.7460317460,2.7619047619,2.7460317460,63,62
generic_rubric,filtered_test_mini,test-mini,qwen35_397b_a17b,DocVQA,,68,68,0,68,0,3.5602941176,3.5602941176,3.5360294118,3.5602941176,3.5360294118,68,64
generic_rubric,filtered_test_mini,test-mini,qwen35_397b_a17b,EEE-Bench,,22,22,0,22,0,2.1545454545,2.1545454545,2.1306818182,2.1545454545,2.1306818182,22,21
generic_rubric,filtered_test_mini,test-mini,qwen35_397b_a17b,GEOQA_8K_R1V,,21,21,0,21,0,3.1333333333,3.1333333333,3.1190476190,3.1333333333,3.1190476190,21,21
generic_rubric,filtered_test_mini,test-mini,qwen35_397b_a17b,Geoperception,,34,34,0,34,0,3.4764705882,3.4764705882,3.4610294118,3.4764705882,3.4610294118,34,33
generic_rubric,filtered_test_mini,test-mini,qwen35_397b_a17b,Graph-Algorithms,,39,39,0,39,0,3.4358974359,3.4358974359,3.4198717949,3.4358974359,3.4198717949,39,32
generic_rubric,filtered_test_mini,test-mini,qwen35_397b_a17b,GraphVQA-Swift,,42,42,0,42,0,4.4142857143,4.4142857143,4.4023809524,4.4142857143,4.4023809524,42,41
generic_rubric,filtered_test_mini,test-mini,qwen35_397b_a17b,OlympiadBench,,23,23,0,23,0,2.9913043478,2.9913043478,2.9673913043,2.9913043478,2.9673913043,23,21
generic_rubric,filtered_test_mini,test-mini,qwen35_397b_a17b,Physics,,31,31,0,31,0,3.1096774194,3.1096774194,3.0887096774,3.1096774194,3.0887096774,31,26
generic_rubric,filtered_test_mini,test-mini,qwen35_397b_a17b,dvqa,,39,39,0,39,0,3.8000000000,3.8000000000,3.7839743590,3.8000000000,3.7839743590,39,37
generic_rubric,filtered_test_mini,test-mini,qwen35_397b_a17b,figureqa,,39,39,0,39,0,3.0179487179,3.0179487179,3.0051282051,3.0179487179,3.0051282051,39,30
generic_rubric,filtered_test_mini,test-mini,qwen35_397b_a17b,geometry3k,,21,21,0,21,0,3.1904761905,3.1904761905,3.1750000000,3.1904761905,3.1750000000,21,19
generic_rubric,filtered_test_mini,test-mini,qwen35_397b_a17b,matplotlib,,13,13,0,13,0,2.9307692308,2.9307692308,2.9211538462,2.9307692308,2.9211538462,13,12
generic_rubric,filtered_test_mini,test-mini,qwen35_397b_a17b,spatialvlm_qa,,39,39,0,39,0,1.4615384615,1.4615384615,1.4487179487,1.4615384615,1.4487179487,39,23
