metric_group,split,source_split,model_slug,dataset,source_kind,num_filtered_samples,num_metric_rows,num_missing_rows,num_render_success,render_success_rate
render_success,filtered_test,test,qwen35_9b,ChartQA,benchmark_eval,195,195,0,175,0.8974358974
render_success,filtered_test,test,qwen35_9b,ChemVQA-2K,benchmark_eval,288,288,0,99,0.3437500000
render_success,filtered_test,test,qwen35_9b,DocVQA,benchmark_eval,292,292,0,180,0.6164383562
render_success,filtered_test,test,qwen35_9b,EEE-Bench,benchmark_eval,67,67,0,42,0.6268656716
render_success,filtered_test,test,qwen35_9b,GEOQA_8K_R1V,benchmark_eval,73,73,0,71,0.9726027397
render_success,filtered_test,test,qwen35_9b,Geoperception,benchmark_eval,137,137,0,126,0.9197080292
render_success,filtered_test,test,qwen35_9b,Graph-Algorithms,benchmark_eval,161,161,0,153,0.9503105590
render_success,filtered_test,test,qwen35_9b,GraphVQA-Swift,benchmark_eval,175,175,0,169,0.9657142857
render_success,filtered_test,test,qwen35_9b,OlympiadBench,benchmark_eval,81,81,0,66,0.8148148148
render_success,filtered_test,test,qwen35_9b,Physics,benchmark_eval,121,121,0,104,0.8595041322
render_success,filtered_test,test,qwen35_9b,dvqa,benchmark_eval,161,161,0,155,0.9627329193
render_success,filtered_test,test,qwen35_9b,figureqa,benchmark_eval,161,161,0,134,0.8322981366
render_success,filtered_test,test,qwen35_9b,geometry3k,benchmark_eval,65,65,0,59,0.9076923077
render_success,filtered_test,test,qwen35_9b,matplotlib,benchmark_eval,31,31,0,24,0.7741935484
render_success,filtered_test,test,qwen35_9b,spatialvlm_qa,benchmark_eval,161,161,0,28,0.1739130435
render_success,filtered_test_mini,test,qwen35_9b,ChartQA,benchmark_eval_test_derived,45,45,0,39,0.8666666667
render_success,filtered_test_mini,test,qwen35_9b,ChemVQA-2K,benchmark_eval_test_derived,63,63,0,23,0.3650793651
render_success,filtered_test_mini,test,qwen35_9b,DocVQA,benchmark_eval_test_derived,68,68,0,43,0.6323529412
render_success,filtered_test_mini,test,qwen35_9b,EEE-Bench,benchmark_eval_test_derived,22,22,0,19,0.8636363636
render_success,filtered_test_mini,test,qwen35_9b,GEOQA_8K_R1V,benchmark_eval_test_derived,21,21,0,21,1.0000000000
render_success,filtered_test_mini,test,qwen35_9b,Geoperception,benchmark_eval_test_derived,34,34,0,31,0.9117647059
render_success,filtered_test_mini,test,qwen35_9b,Graph-Algorithms,benchmark_eval_test_derived,39,39,0,38,0.9743589744
render_success,filtered_test_mini,test,qwen35_9b,GraphVQA-Swift,benchmark_eval_test_derived,42,42,0,41,0.9761904762
render_success,filtered_test_mini,test,qwen35_9b,OlympiadBench,benchmark_eval_test_derived,23,23,0,19,0.8260869565
render_success,filtered_test_mini,test,qwen35_9b,Physics,benchmark_eval_test_derived,31,31,0,28,0.9032258065
render_success,filtered_test_mini,test,qwen35_9b,dvqa,benchmark_eval_test_derived,39,39,0,38,0.9743589744
render_success,filtered_test_mini,test,qwen35_9b,figureqa,benchmark_eval_test_derived,39,39,0,32,0.8205128205
render_success,filtered_test_mini,test,qwen35_9b,geometry3k,benchmark_eval_test_derived,21,21,0,19,0.9047619048
render_success,filtered_test_mini,test,qwen35_9b,matplotlib,benchmark_eval_test_derived,13,13,0,10,0.7692307692
render_success,filtered_test_mini,test,qwen35_9b,spatialvlm_qa,benchmark_eval_test_derived,39,39,0,4,0.1025641026
render_success,filtered_test,test,kimi_k2_5,ChartQA,benchmark_eval,195,195,0,132,0.6769230769
render_success,filtered_test,test,kimi_k2_5,ChemVQA-2K,benchmark_eval,288,288,0,223,0.7743055556
render_success,filtered_test,test,kimi_k2_5,DocVQA,benchmark_eval,292,292,0,231,0.7910958904
render_success,filtered_test,test,kimi_k2_5,EEE-Bench,benchmark_eval,67,67,0,63,0.9402985075
render_success,filtered_test,test,kimi_k2_5,GEOQA_8K_R1V,benchmark_eval,73,73,0,69,0.9452054795
render_success,filtered_test,test,kimi_k2_5,Geoperception,benchmark_eval,137,137,0,132,0.9635036496
render_success,filtered_test,test,kimi_k2_5,Graph-Algorithms,benchmark_eval,161,161,0,151,0.9378881988
render_success,filtered_test,test,kimi_k2_5,GraphVQA-Swift,benchmark_eval,175,175,0,173,0.9885714286
render_success,filtered_test,test,kimi_k2_5,OlympiadBench,benchmark_eval,81,81,0,77,0.9506172840
render_success,filtered_test,test,kimi_k2_5,Physics,benchmark_eval,121,121,0,115,0.9504132231
render_success,filtered_test,test,kimi_k2_5,dvqa,benchmark_eval,161,161,0,161,1.0000000000
render_success,filtered_test,test,kimi_k2_5,figureqa,benchmark_eval,161,161,0,156,0.9689440994
render_success,filtered_test,test,kimi_k2_5,geometry3k,benchmark_eval,65,65,0,64,0.9846153846
render_success,filtered_test,test,kimi_k2_5,matplotlib,benchmark_eval,31,31,0,31,1.0000000000
render_success,filtered_test,test,kimi_k2_5,spatialvlm_qa,benchmark_eval,161,161,0,102,0.6335403727
render_success,filtered_test_mini,test,kimi_k2_5,ChartQA,benchmark_eval_test_derived,45,45,0,32,0.7111111111
render_success,filtered_test_mini,test,kimi_k2_5,ChemVQA-2K,benchmark_eval_test_derived,63,63,0,48,0.7619047619
render_success,filtered_test_mini,test,kimi_k2_5,DocVQA,benchmark_eval_test_derived,68,68,0,53,0.7794117647
render_success,filtered_test_mini,test,kimi_k2_5,EEE-Bench,benchmark_eval_test_derived,22,22,0,21,0.9545454545
render_success,filtered_test_mini,test,kimi_k2_5,GEOQA_8K_R1V,benchmark_eval_test_derived,21,21,0,20,0.9523809524
render_success,filtered_test_mini,test,kimi_k2_5,Geoperception,benchmark_eval_test_derived,34,34,0,32,0.9411764706
render_success,filtered_test_mini,test,kimi_k2_5,Graph-Algorithms,benchmark_eval_test_derived,39,39,0,39,1.0000000000
render_success,filtered_test_mini,test,kimi_k2_5,GraphVQA-Swift,benchmark_eval_test_derived,42,42,0,41,0.9761904762
render_success,filtered_test_mini,test,kimi_k2_5,OlympiadBench,benchmark_eval_test_derived,23,23,0,22,0.9565217391
render_success,filtered_test_mini,test,kimi_k2_5,Physics,benchmark_eval_test_derived,31,31,0,30,0.9677419355
render_success,filtered_test_mini,test,kimi_k2_5,dvqa,benchmark_eval_test_derived,39,39,0,39,1.0000000000
render_success,filtered_test_mini,test,kimi_k2_5,figureqa,benchmark_eval_test_derived,39,39,0,39,1.0000000000
render_success,filtered_test_mini,test,kimi_k2_5,geometry3k,benchmark_eval_test_derived,21,21,0,21,1.0000000000
render_success,filtered_test_mini,test,kimi_k2_5,matplotlib,benchmark_eval_test_derived,13,13,0,13,1.0000000000
render_success,filtered_test_mini,test,kimi_k2_5,spatialvlm_qa,benchmark_eval_test_derived,39,39,0,27,0.6923076923
render_success,filtered_test,test,kimi_k2_5_reasoning,ChartQA,benchmark_eval,195,195,0,163,0.8358974359
render_success,filtered_test,test,kimi_k2_5_reasoning,ChemVQA-2K,benchmark_eval,288,288,0,267,0.9270833333
render_success,filtered_test,test,kimi_k2_5_reasoning,DocVQA,benchmark_eval,292,292,0,249,0.8527397260
render_success,filtered_test,test,kimi_k2_5_reasoning,EEE-Bench,benchmark_eval,67,67,0,59,0.8805970149
render_success,filtered_test,test,kimi_k2_5_reasoning,GEOQA_8K_R1V,benchmark_eval,73,73,0,66,0.9041095890
render_success,filtered_test,test,kimi_k2_5_reasoning,Geoperception,benchmark_eval,137,137,0,118,0.8613138686
render_success,filtered_test,test,kimi_k2_5_reasoning,Graph-Algorithms,benchmark_eval,161,161,0,153,0.9503105590
render_success,filtered_test,test,kimi_k2_5_reasoning,GraphVQA-Swift,benchmark_eval,175,175,0,172,0.9828571429
render_success,filtered_test,test,kimi_k2_5_reasoning,OlympiadBench,benchmark_eval,81,81,0,74,0.9135802469
render_success,filtered_test,test,kimi_k2_5_reasoning,Physics,benchmark_eval,121,121,0,116,0.9586776860
render_success,filtered_test,test,kimi_k2_5_reasoning,dvqa,benchmark_eval,161,161,0,156,0.9689440994
render_success,filtered_test,test,kimi_k2_5_reasoning,figureqa,benchmark_eval,161,161,0,152,0.9440993789
render_success,filtered_test,test,kimi_k2_5_reasoning,geometry3k,benchmark_eval,65,65,0,61,0.9384615385
render_success,filtered_test,test,kimi_k2_5_reasoning,matplotlib,benchmark_eval,31,31,0,28,0.9032258065
render_success,filtered_test,test,kimi_k2_5_reasoning,spatialvlm_qa,benchmark_eval,161,161,0,118,0.7329192547
render_success,filtered_test_mini,test,kimi_k2_5_reasoning,ChartQA,benchmark_eval_test_derived,45,45,0,35,0.7777777778
render_success,filtered_test_mini,test,kimi_k2_5_reasoning,ChemVQA-2K,benchmark_eval_test_derived,63,63,0,61,0.9682539683
render_success,filtered_test_mini,test,kimi_k2_5_reasoning,DocVQA,benchmark_eval_test_derived,68,68,0,62,0.9117647059
render_success,filtered_test_mini,test,kimi_k2_5_reasoning,EEE-Bench,benchmark_eval_test_derived,22,22,0,19,0.8636363636
render_success,filtered_test_mini,test,kimi_k2_5_reasoning,GEOQA_8K_R1V,benchmark_eval_test_derived,21,21,0,20,0.9523809524
render_success,filtered_test_mini,test,kimi_k2_5_reasoning,Geoperception,benchmark_eval_test_derived,34,34,0,31,0.9117647059
render_success,filtered_test_mini,test,kimi_k2_5_reasoning,Graph-Algorithms,benchmark_eval_test_derived,39,39,0,35,0.8974358974
render_success,filtered_test_mini,test,kimi_k2_5_reasoning,GraphVQA-Swift,benchmark_eval_test_derived,42,42,0,40,0.9523809524
render_success,filtered_test_mini,test,kimi_k2_5_reasoning,OlympiadBench,benchmark_eval_test_derived,23,23,0,21,0.9130434783
render_success,filtered_test_mini,test,kimi_k2_5_reasoning,Physics,benchmark_eval_test_derived,31,31,0,30,0.9677419355
render_success,filtered_test_mini,test,kimi_k2_5_reasoning,dvqa,benchmark_eval_test_derived,39,39,0,39,1.0000000000
render_success,filtered_test_mini,test,kimi_k2_5_reasoning,figureqa,benchmark_eval_test_derived,39,39,0,37,0.9487179487
render_success,filtered_test_mini,test,kimi_k2_5_reasoning,geometry3k,benchmark_eval_test_derived,21,21,0,18,0.8571428571
render_success,filtered_test_mini,test,kimi_k2_5_reasoning,matplotlib,benchmark_eval_test_derived,13,13,0,13,1.0000000000
render_success,filtered_test_mini,test,kimi_k2_5_reasoning,spatialvlm_qa,benchmark_eval_test_derived,39,39,0,29,0.7435897436
render_success,filtered_test,test,qwen35_397b_a17b,ChartQA,benchmark_eval,195,195,0,182,0.9333333333
render_success,filtered_test,test,qwen35_397b_a17b,ChemVQA-2K,benchmark_eval,288,288,0,276,0.9583333333
render_success,filtered_test,test,qwen35_397b_a17b,DocVQA,benchmark_eval,292,292,0,241,0.8253424658
render_success,filtered_test,test,qwen35_397b_a17b,EEE-Bench,benchmark_eval,67,67,0,61,0.9104477612
render_success,filtered_test,test,qwen35_397b_a17b,GEOQA_8K_R1V,benchmark_eval,73,73,0,69,0.9452054795
render_success,filtered_test,test,qwen35_397b_a17b,Geoperception,benchmark_eval,137,137,0,126,0.9197080292
render_success,filtered_test,test,qwen35_397b_a17b,Graph-Algorithms,benchmark_eval,161,161,0,146,0.9068322981
render_success,filtered_test,test,qwen35_397b_a17b,GraphVQA-Swift,benchmark_eval,175,175,0,158,0.9028571429
render_success,filtered_test,test,qwen35_397b_a17b,OlympiadBench,benchmark_eval,81,81,0,76,0.9382716049
render_success,filtered_test,test,qwen35_397b_a17b,Physics,benchmark_eval,121,121,0,98,0.8099173554
render_success,filtered_test,test,qwen35_397b_a17b,dvqa,benchmark_eval,161,161,0,140,0.8695652174
render_success,filtered_test,test,qwen35_397b_a17b,figureqa,benchmark_eval,161,161,0,130,0.8074534161
render_success,filtered_test,test,qwen35_397b_a17b,geometry3k,benchmark_eval,65,65,0,60,0.9230769231
render_success,filtered_test,test,qwen35_397b_a17b,matplotlib,benchmark_eval,31,31,0,24,0.7741935484
render_success,filtered_test,test,qwen35_397b_a17b,spatialvlm_qa,benchmark_eval,161,161,0,73,0.4534161491
render_success,filtered_test_mini,test,qwen35_397b_a17b,ChartQA,benchmark_eval_test_derived,45,45,0,42,0.9333333333
render_success,filtered_test_mini,test,qwen35_397b_a17b,ChemVQA-2K,benchmark_eval_test_derived,63,63,0,58,0.9206349206
render_success,filtered_test_mini,test,qwen35_397b_a17b,DocVQA,benchmark_eval_test_derived,68,68,0,60,0.8823529412
render_success,filtered_test_mini,test,qwen35_397b_a17b,EEE-Bench,benchmark_eval_test_derived,22,22,0,20,0.9090909091
render_success,filtered_test_mini,test,qwen35_397b_a17b,GEOQA_8K_R1V,benchmark_eval_test_derived,21,21,0,21,1.0000000000
render_success,filtered_test_mini,test,qwen35_397b_a17b,Geoperception,benchmark_eval_test_derived,34,34,0,29,0.8529411765
render_success,filtered_test_mini,test,qwen35_397b_a17b,Graph-Algorithms,benchmark_eval_test_derived,39,39,0,34,0.8717948718
render_success,filtered_test_mini,test,qwen35_397b_a17b,GraphVQA-Swift,benchmark_eval_test_derived,42,42,0,40,0.9523809524
render_success,filtered_test_mini,test,qwen35_397b_a17b,OlympiadBench,benchmark_eval_test_derived,23,23,0,23,1.0000000000
render_success,filtered_test_mini,test,qwen35_397b_a17b,Physics,benchmark_eval_test_derived,31,31,0,25,0.8064516129
render_success,filtered_test_mini,test,qwen35_397b_a17b,dvqa,benchmark_eval_test_derived,39,39,0,37,0.9487179487
render_success,filtered_test_mini,test,qwen35_397b_a17b,figureqa,benchmark_eval_test_derived,39,39,0,31,0.7948717949
render_success,filtered_test_mini,test,qwen35_397b_a17b,geometry3k,benchmark_eval_test_derived,21,21,0,19,0.9047619048
render_success,filtered_test_mini,test,qwen35_397b_a17b,matplotlib,benchmark_eval_test_derived,13,13,0,11,0.8461538462
render_success,filtered_test_mini,test,qwen35_397b_a17b,spatialvlm_qa,benchmark_eval_test_derived,39,39,0,24,0.6153846154
render_success,filtered_test,test,qwen35_397b_a17b_reasoning,ChartQA,benchmark_eval,195,195,0,176,0.9025641026
render_success,filtered_test,test,qwen35_397b_a17b_reasoning,ChemVQA-2K,benchmark_eval,288,288,0,274,0.9513888889
render_success,filtered_test,test,qwen35_397b_a17b_reasoning,DocVQA,benchmark_eval,292,292,0,229,0.7842465753
render_success,filtered_test,test,qwen35_397b_a17b_reasoning,EEE-Bench,benchmark_eval,67,67,0,53,0.7910447761
render_success,filtered_test,test,qwen35_397b_a17b_reasoning,GEOQA_8K_R1V,benchmark_eval,73,73,0,68,0.9315068493
render_success,filtered_test,test,qwen35_397b_a17b_reasoning,Geoperception,benchmark_eval,137,137,0,106,0.7737226277
render_success,filtered_test,test,qwen35_397b_a17b_reasoning,Graph-Algorithms,benchmark_eval,161,161,0,138,0.8571428571
render_success,filtered_test,test,qwen35_397b_a17b_reasoning,GraphVQA-Swift,benchmark_eval,175,175,0,161,0.9200000000
render_success,filtered_test,test,qwen35_397b_a17b_reasoning,OlympiadBench,benchmark_eval,81,81,0,70,0.8641975309
render_success,filtered_test,test,qwen35_397b_a17b_reasoning,Physics,benchmark_eval,121,121,0,111,0.9173553719
render_success,filtered_test,test,qwen35_397b_a17b_reasoning,dvqa,benchmark_eval,161,161,0,154,0.9565217391
render_success,filtered_test,test,qwen35_397b_a17b_reasoning,figureqa,benchmark_eval,161,161,0,138,0.8571428571
render_success,filtered_test,test,qwen35_397b_a17b_reasoning,geometry3k,benchmark_eval,65,65,0,41,0.6307692308
render_success,filtered_test,test,qwen35_397b_a17b_reasoning,matplotlib,benchmark_eval,31,31,0,22,0.7096774194
render_success,filtered_test,test,qwen35_397b_a17b_reasoning,spatialvlm_qa,benchmark_eval,161,161,0,43,0.2670807453
render_success,filtered_test_mini,test,qwen35_397b_a17b_reasoning,ChartQA,benchmark_eval_test_derived,45,45,0,43,0.9555555556
render_success,filtered_test_mini,test,qwen35_397b_a17b_reasoning,ChemVQA-2K,benchmark_eval_test_derived,63,63,0,57,0.9047619048
render_success,filtered_test_mini,test,qwen35_397b_a17b_reasoning,DocVQA,benchmark_eval_test_derived,68,68,0,56,0.8235294118
render_success,filtered_test_mini,test,qwen35_397b_a17b_reasoning,EEE-Bench,benchmark_eval_test_derived,22,22,0,17,0.7727272727
render_success,filtered_test_mini,test,qwen35_397b_a17b_reasoning,GEOQA_8K_R1V,benchmark_eval_test_derived,21,21,0,18,0.8571428571
render_success,filtered_test_mini,test,qwen35_397b_a17b_reasoning,Geoperception,benchmark_eval_test_derived,34,34,0,27,0.7941176471
render_success,filtered_test_mini,test,qwen35_397b_a17b_reasoning,Graph-Algorithms,benchmark_eval_test_derived,39,39,0,33,0.8461538462
render_success,filtered_test_mini,test,qwen35_397b_a17b_reasoning,GraphVQA-Swift,benchmark_eval_test_derived,42,42,0,38,0.9047619048
render_success,filtered_test_mini,test,qwen35_397b_a17b_reasoning,OlympiadBench,benchmark_eval_test_derived,23,23,0,21,0.9130434783
render_success,filtered_test_mini,test,qwen35_397b_a17b_reasoning,Physics,benchmark_eval_test_derived,31,31,0,28,0.9032258065
render_success,filtered_test_mini,test,qwen35_397b_a17b_reasoning,dvqa,benchmark_eval_test_derived,39,39,0,37,0.9487179487
render_success,filtered_test_mini,test,qwen35_397b_a17b_reasoning,figureqa,benchmark_eval_test_derived,39,39,0,36,0.9230769231
render_success,filtered_test_mini,test,qwen35_397b_a17b_reasoning,geometry3k,benchmark_eval_test_derived,21,21,0,12,0.5714285714
render_success,filtered_test_mini,test,qwen35_397b_a17b_reasoning,matplotlib,benchmark_eval_test_derived,13,13,0,10,0.7692307692
render_success,filtered_test_mini,test,qwen35_397b_a17b_reasoning,spatialvlm_qa,benchmark_eval_test_derived,39,39,0,7,0.1794871795
render_success,filtered_test,test,gpt_5_4,ChartQA,benchmark_eval,195,195,0,194,0.9948717949
render_success,filtered_test,test,gpt_5_4,ChemVQA-2K,benchmark_eval,288,288,0,288,1.0000000000
render_success,filtered_test,test,gpt_5_4,DocVQA,benchmark_eval,292,292,0,273,0.9349315068
render_success,filtered_test,test,gpt_5_4,EEE-Bench,benchmark_eval,67,67,0,67,1.0000000000
render_success,filtered_test,test,gpt_5_4,GEOQA_8K_R1V,benchmark_eval,73,73,0,71,0.9726027397
render_success,filtered_test,test,gpt_5_4,Geoperception,benchmark_eval,137,137,0,137,1.0000000000
render_success,filtered_test,test,gpt_5_4,Graph-Algorithms,benchmark_eval,161,161,0,161,1.0000000000
render_success,filtered_test,test,gpt_5_4,GraphVQA-Swift,benchmark_eval,175,175,0,174,0.9942857143
render_success,filtered_test,test,gpt_5_4,OlympiadBench,benchmark_eval,81,81,0,81,1.0000000000
render_success,filtered_test,test,gpt_5_4,Physics,benchmark_eval,121,121,0,121,1.0000000000
render_success,filtered_test,test,gpt_5_4,dvqa,benchmark_eval,161,161,0,161,1.0000000000
render_success,filtered_test,test,gpt_5_4,figureqa,benchmark_eval,161,161,0,155,0.9627329193
render_success,filtered_test,test,gpt_5_4,geometry3k,benchmark_eval,65,65,0,65,1.0000000000
render_success,filtered_test,test,gpt_5_4,matplotlib,benchmark_eval,31,31,0,29,0.9354838710
render_success,filtered_test,test,gpt_5_4,spatialvlm_qa,benchmark_eval,161,161,0,151,0.9378881988
render_success,filtered_test_mini,test,gpt_5_4,ChartQA,benchmark_eval_test_derived,45,45,0,44,0.9777777778
render_success,filtered_test_mini,test,gpt_5_4,ChemVQA-2K,benchmark_eval_test_derived,63,63,0,63,1.0000000000
render_success,filtered_test_mini,test,gpt_5_4,DocVQA,benchmark_eval_test_derived,68,68,0,62,0.9117647059
render_success,filtered_test_mini,test,gpt_5_4,EEE-Bench,benchmark_eval_test_derived,22,22,0,22,1.0000000000
render_success,filtered_test_mini,test,gpt_5_4,GEOQA_8K_R1V,benchmark_eval_test_derived,21,21,0,21,1.0000000000
render_success,filtered_test_mini,test,gpt_5_4,Geoperception,benchmark_eval_test_derived,34,34,0,34,1.0000000000
render_success,filtered_test_mini,test,gpt_5_4,Graph-Algorithms,benchmark_eval_test_derived,39,39,0,39,1.0000000000
render_success,filtered_test_mini,test,gpt_5_4,GraphVQA-Swift,benchmark_eval_test_derived,42,42,0,42,1.0000000000
render_success,filtered_test_mini,test,gpt_5_4,OlympiadBench,benchmark_eval_test_derived,23,23,0,23,1.0000000000
render_success,filtered_test_mini,test,gpt_5_4,Physics,benchmark_eval_test_derived,31,31,0,31,1.0000000000
render_success,filtered_test_mini,test,gpt_5_4,dvqa,benchmark_eval_test_derived,39,39,0,39,1.0000000000
render_success,filtered_test_mini,test,gpt_5_4,figureqa,benchmark_eval_test_derived,39,39,0,36,0.9230769231
render_success,filtered_test_mini,test,gpt_5_4,geometry3k,benchmark_eval_test_derived,21,21,0,21,1.0000000000
render_success,filtered_test_mini,test,gpt_5_4,matplotlib,benchmark_eval_test_derived,13,13,0,12,0.9230769231
render_success,filtered_test_mini,test,gpt_5_4,spatialvlm_qa,benchmark_eval_test_derived,39,39,0,37,0.9487179487
render_success,filtered_test,test,gpt_5_4_mini,ChartQA,benchmark_eval,195,195,0,159,0.8153846154
render_success,filtered_test,test,gpt_5_4_mini,ChemVQA-2K,benchmark_eval,288,288,0,280,0.9722222222
render_success,filtered_test,test,gpt_5_4_mini,DocVQA,benchmark_eval,292,292,0,248,0.8493150685
render_success,filtered_test,test,gpt_5_4_mini,EEE-Bench,benchmark_eval,67,67,0,62,0.9253731343
render_success,filtered_test,test,gpt_5_4_mini,GEOQA_8K_R1V,benchmark_eval,73,73,0,73,1.0000000000
render_success,filtered_test,test,gpt_5_4_mini,Geoperception,benchmark_eval,137,137,0,135,0.9854014599
render_success,filtered_test,test,gpt_5_4_mini,Graph-Algorithms,benchmark_eval,161,161,0,159,0.9875776398
render_success,filtered_test,test,gpt_5_4_mini,GraphVQA-Swift,benchmark_eval,175,175,0,163,0.9314285714
render_success,filtered_test,test,gpt_5_4_mini,OlympiadBench,benchmark_eval,81,81,0,80,0.9876543210
render_success,filtered_test,test,gpt_5_4_mini,Physics,benchmark_eval,121,121,0,121,1.0000000000
render_success,filtered_test,test,gpt_5_4_mini,dvqa,benchmark_eval,161,161,0,161,1.0000000000
render_success,filtered_test,test,gpt_5_4_mini,figureqa,benchmark_eval,161,161,0,150,0.9316770186
render_success,filtered_test,test,gpt_5_4_mini,geometry3k,benchmark_eval,65,65,0,63,0.9692307692
render_success,filtered_test,test,gpt_5_4_mini,matplotlib,benchmark_eval,31,31,0,27,0.8709677419
render_success,filtered_test,test,gpt_5_4_mini,spatialvlm_qa,benchmark_eval,161,161,0,139,0.8633540373
render_success,filtered_test_mini,test,gpt_5_4_mini,ChartQA,benchmark_eval_test_derived,45,45,0,35,0.7777777778
render_success,filtered_test_mini,test,gpt_5_4_mini,ChemVQA-2K,benchmark_eval_test_derived,63,63,0,63,1.0000000000
render_success,filtered_test_mini,test,gpt_5_4_mini,DocVQA,benchmark_eval_test_derived,68,68,0,58,0.8529411765
render_success,filtered_test_mini,test,gpt_5_4_mini,EEE-Bench,benchmark_eval_test_derived,22,22,0,21,0.9545454545
render_success,filtered_test_mini,test,gpt_5_4_mini,GEOQA_8K_R1V,benchmark_eval_test_derived,21,21,0,21,1.0000000000
render_success,filtered_test_mini,test,gpt_5_4_mini,Geoperception,benchmark_eval_test_derived,34,34,0,34,1.0000000000
render_success,filtered_test_mini,test,gpt_5_4_mini,Graph-Algorithms,benchmark_eval_test_derived,39,39,0,38,0.9743589744
render_success,filtered_test_mini,test,gpt_5_4_mini,GraphVQA-Swift,benchmark_eval_test_derived,42,42,0,40,0.9523809524
render_success,filtered_test_mini,test,gpt_5_4_mini,OlympiadBench,benchmark_eval_test_derived,23,23,0,23,1.0000000000
render_success,filtered_test_mini,test,gpt_5_4_mini,Physics,benchmark_eval_test_derived,31,31,0,31,1.0000000000
render_success,filtered_test_mini,test,gpt_5_4_mini,dvqa,benchmark_eval_test_derived,39,39,0,39,1.0000000000
render_success,filtered_test_mini,test,gpt_5_4_mini,figureqa,benchmark_eval_test_derived,39,39,0,37,0.9487179487
render_success,filtered_test_mini,test,gpt_5_4_mini,geometry3k,benchmark_eval_test_derived,21,21,0,21,1.0000000000
render_success,filtered_test_mini,test,gpt_5_4_mini,matplotlib,benchmark_eval_test_derived,13,13,0,11,0.8461538462
render_success,filtered_test_mini,test,gpt_5_4_mini,spatialvlm_qa,benchmark_eval_test_derived,39,39,0,35,0.8974358974
render_success,filtered_test,test,gpt_5_4_mini_reasoning_medium,ChartQA,benchmark_eval,195,195,0,194,0.9948717949
render_success,filtered_test,test,gpt_5_4_mini_reasoning_medium,ChemVQA-2K,benchmark_eval,288,288,0,288,1.0000000000
render_success,filtered_test,test,gpt_5_4_mini_reasoning_medium,DocVQA,benchmark_eval,292,292,0,291,0.9965753425
render_success,filtered_test,test,gpt_5_4_mini_reasoning_medium,EEE-Bench,benchmark_eval,67,67,0,67,1.0000000000
render_success,filtered_test,test,gpt_5_4_mini_reasoning_medium,GEOQA_8K_R1V,benchmark_eval,73,73,0,73,1.0000000000
render_success,filtered_test,test,gpt_5_4_mini_reasoning_medium,Geoperception,benchmark_eval,137,137,0,137,1.0000000000
render_success,filtered_test,test,gpt_5_4_mini_reasoning_medium,Graph-Algorithms,benchmark_eval,161,161,0,161,1.0000000000
render_success,filtered_test,test,gpt_5_4_mini_reasoning_medium,GraphVQA-Swift,benchmark_eval,175,175,0,175,1.0000000000
render_success,filtered_test,test,gpt_5_4_mini_reasoning_medium,OlympiadBench,benchmark_eval,81,81,0,81,1.0000000000
render_success,filtered_test,test,gpt_5_4_mini_reasoning_medium,Physics,benchmark_eval,121,121,0,121,1.0000000000
render_success,filtered_test,test,gpt_5_4_mini_reasoning_medium,dvqa,benchmark_eval,161,161,0,161,1.0000000000
render_success,filtered_test,test,gpt_5_4_mini_reasoning_medium,figureqa,benchmark_eval,161,161,0,161,1.0000000000
render_success,filtered_test,test,gpt_5_4_mini_reasoning_medium,geometry3k,benchmark_eval,65,65,0,65,1.0000000000
render_success,filtered_test,test,gpt_5_4_mini_reasoning_medium,matplotlib,benchmark_eval,31,31,0,31,1.0000000000
render_success,filtered_test,test,gpt_5_4_mini_reasoning_medium,spatialvlm_qa,benchmark_eval,161,161,0,136,0.8447204969
render_success,filtered_test_mini,test,gpt_5_4_mini_reasoning_medium,ChartQA,benchmark_eval_test_derived,45,45,0,45,1.0000000000
render_success,filtered_test_mini,test,gpt_5_4_mini_reasoning_medium,ChemVQA-2K,benchmark_eval_test_derived,63,63,0,63,1.0000000000
render_success,filtered_test_mini,test,gpt_5_4_mini_reasoning_medium,DocVQA,benchmark_eval_test_derived,68,68,0,68,1.0000000000
render_success,filtered_test_mini,test,gpt_5_4_mini_reasoning_medium,EEE-Bench,benchmark_eval_test_derived,22,22,0,22,1.0000000000
render_success,filtered_test_mini,test,gpt_5_4_mini_reasoning_medium,GEOQA_8K_R1V,benchmark_eval_test_derived,21,21,0,21,1.0000000000
render_success,filtered_test_mini,test,gpt_5_4_mini_reasoning_medium,Geoperception,benchmark_eval_test_derived,34,34,0,34,1.0000000000
render_success,filtered_test_mini,test,gpt_5_4_mini_reasoning_medium,Graph-Algorithms,benchmark_eval_test_derived,39,39,0,39,1.0000000000
render_success,filtered_test_mini,test,gpt_5_4_mini_reasoning_medium,GraphVQA-Swift,benchmark_eval_test_derived,42,42,0,42,1.0000000000
render_success,filtered_test_mini,test,gpt_5_4_mini_reasoning_medium,OlympiadBench,benchmark_eval_test_derived,23,23,0,23,1.0000000000
render_success,filtered_test_mini,test,gpt_5_4_mini_reasoning_medium,Physics,benchmark_eval_test_derived,31,31,0,31,1.0000000000
render_success,filtered_test_mini,test,gpt_5_4_mini_reasoning_medium,dvqa,benchmark_eval_test_derived,39,39,0,39,1.0000000000
render_success,filtered_test_mini,test,gpt_5_4_mini_reasoning_medium,figureqa,benchmark_eval_test_derived,39,39,0,39,1.0000000000
render_success,filtered_test_mini,test,gpt_5_4_mini_reasoning_medium,geometry3k,benchmark_eval_test_derived,21,21,0,21,1.0000000000
render_success,filtered_test_mini,test,gpt_5_4_mini_reasoning_medium,matplotlib,benchmark_eval_test_derived,13,13,0,13,1.0000000000
render_success,filtered_test_mini,test,gpt_5_4_mini_reasoning_medium,spatialvlm_qa,benchmark_eval_test_derived,39,39,0,33,0.8461538462
render_success,filtered_test,test,gemini_3_1_flash_lite_preview,ChartQA,benchmark_eval,195,195,0,187,0.9589743590
render_success,filtered_test,test,gemini_3_1_flash_lite_preview,ChemVQA-2K,benchmark_eval,288,288,0,285,0.9895833333
render_success,filtered_test,test,gemini_3_1_flash_lite_preview,DocVQA,benchmark_eval,292,292,0,278,0.9520547945
render_success,filtered_test,test,gemini_3_1_flash_lite_preview,EEE-Bench,benchmark_eval,67,67,0,65,0.9701492537
render_success,filtered_test,test,gemini_3_1_flash_lite_preview,GEOQA_8K_R1V,benchmark_eval,73,73,0,72,0.9863013699
render_success,filtered_test,test,gemini_3_1_flash_lite_preview,Geoperception,benchmark_eval,137,137,0,135,0.9854014599
render_success,filtered_test,test,gemini_3_1_flash_lite_preview,Graph-Algorithms,benchmark_eval,161,161,0,161,1.0000000000
render_success,filtered_test,test,gemini_3_1_flash_lite_preview,GraphVQA-Swift,benchmark_eval,175,175,0,175,1.0000000000
render_success,filtered_test,test,gemini_3_1_flash_lite_preview,OlympiadBench,benchmark_eval,81,81,0,79,0.9753086420
render_success,filtered_test,test,gemini_3_1_flash_lite_preview,Physics,benchmark_eval,121,121,0,120,0.9917355372
render_success,filtered_test,test,gemini_3_1_flash_lite_preview,dvqa,benchmark_eval,161,161,0,159,0.9875776398
render_success,filtered_test,test,gemini_3_1_flash_lite_preview,figureqa,benchmark_eval,161,161,0,160,0.9937888199
render_success,filtered_test,test,gemini_3_1_flash_lite_preview,geometry3k,benchmark_eval,65,65,0,64,0.9846153846
render_success,filtered_test,test,gemini_3_1_flash_lite_preview,matplotlib,benchmark_eval,31,31,0,31,1.0000000000
render_success,filtered_test,test,gemini_3_1_flash_lite_preview,spatialvlm_qa,benchmark_eval,161,161,0,16,0.0993788820
render_success,filtered_test_mini,test,gemini_3_1_flash_lite_preview,ChartQA,benchmark_eval_test_derived,45,45,0,45,1.0000000000
render_success,filtered_test_mini,test,gemini_3_1_flash_lite_preview,ChemVQA-2K,benchmark_eval_test_derived,63,63,0,63,1.0000000000
render_success,filtered_test_mini,test,gemini_3_1_flash_lite_preview,DocVQA,benchmark_eval_test_derived,68,68,0,65,0.9558823529
render_success,filtered_test_mini,test,gemini_3_1_flash_lite_preview,EEE-Bench,benchmark_eval_test_derived,22,22,0,21,0.9545454545
render_success,filtered_test_mini,test,gemini_3_1_flash_lite_preview,GEOQA_8K_R1V,benchmark_eval_test_derived,21,21,0,21,1.0000000000
render_success,filtered_test_mini,test,gemini_3_1_flash_lite_preview,Geoperception,benchmark_eval_test_derived,34,34,0,34,1.0000000000
render_success,filtered_test_mini,test,gemini_3_1_flash_lite_preview,Graph-Algorithms,benchmark_eval_test_derived,39,39,0,39,1.0000000000
render_success,filtered_test_mini,test,gemini_3_1_flash_lite_preview,GraphVQA-Swift,benchmark_eval_test_derived,42,42,0,42,1.0000000000
render_success,filtered_test_mini,test,gemini_3_1_flash_lite_preview,OlympiadBench,benchmark_eval_test_derived,23,23,0,21,0.9130434783
render_success,filtered_test_mini,test,gemini_3_1_flash_lite_preview,Physics,benchmark_eval_test_derived,31,31,0,31,1.0000000000
render_success,filtered_test_mini,test,gemini_3_1_flash_lite_preview,dvqa,benchmark_eval_test_derived,39,39,0,39,1.0000000000
render_success,filtered_test_mini,test,gemini_3_1_flash_lite_preview,figureqa,benchmark_eval_test_derived,39,39,0,39,1.0000000000
render_success,filtered_test_mini,test,gemini_3_1_flash_lite_preview,geometry3k,benchmark_eval_test_derived,21,21,0,21,1.0000000000
render_success,filtered_test_mini,test,gemini_3_1_flash_lite_preview,matplotlib,benchmark_eval_test_derived,13,13,0,13,1.0000000000
render_success,filtered_test_mini,test,gemini_3_1_flash_lite_preview,spatialvlm_qa,benchmark_eval_test_derived,39,39,0,3,0.0769230769
